query_index,gallery_positive_index,gallery_negative_index,R00,R10,R01,R11,delta_M_given_F,delta_F_given_M,empirical_interaction
0,4,208,-0.056888431310653687,-0.056888431310653687,-0.056888431310653687,-0.056888431310653687,0.0,0.0,0.0
1,4,203,-0.134891539812088,-0.134891539812088,-0.134891539812088,-0.134891539812088,0.0,0.0,0.0
2,4,206,-0.09014686942100525,-0.09014686942100525,-0.09014686942100525,-0.09014686942100525,0.0,0.0,0.0
3,0,183,-0.12532393634319305,-0.12532393634319305,-0.12532393634319305,-0.12532393634319305,0.0,0.0,0.0
4,1,117,-0.1439051628112793,-0.1439051628112793,-0.1439051628112793,-0.1439051628112793,0.0,0.0,0.0
7,16,268,-0.37913966178894043,-0.37913966178894043,-0.37913966178894043,-0.37913966178894043,0.0,0.0,0.0
8,31,164,-0.23999324440956116,-0.23999324440956116,-0.23999324440956116,-0.23999324440956116,0.0,0.0,0.0
9,31,274,-0.23965774476528168,-0.23965774476528168,-0.23965774476528168,-0.23965774476528168,0.0,0.0,0.0
10,18,228,-0.230671226978302,-0.230671226978302,-0.230671226978302,-0.230671226978302,0.0,0.0,0.0
11,26,274,-0.24999946355819702,-0.24999946355819702,-0.24999946355819702,-0.24999946355819702,0.0,0.0,0.0
12,29,228,-0.31780460476875305,-0.31780460476875305,-0.31780460476875305,-0.31780460476875305,0.0,0.0,0.0
13,31,274,-0.33109351992607117,-0.33109351992607117,-0.33109351992607117,-0.33109351992607117,0.0,0.0,0.0
14,19,274,-0.37301406264305115,-0.37301406264305115,-0.37301406264305115,-0.37301406264305115,0.0,0.0,0.0
15,7,182,-0.3103378415107727,-0.3103378415107727,-0.3103378415107727,-0.3103378415107727,0.0,0.0,0.0
16,7,55,-0.22622965276241302,-0.22622965276241302,-0.22622965276241302,-0.22622965276241302,0.0,0.0,0.0
17,13,55,-0.24385467171669006,-0.24385467171669006,-0.24385467171669006,-0.24385467171669006,0.0,0.0,0.0
18,13,231,-0.2734851837158203,-0.2734851837158203,-0.2734851837158203,-0.2734851837158203,0.0,0.0,0.0
19,14,55,-0.2979409098625183,-0.2979409098625183,-0.2979409098625183,-0.2979409098625183,0.0,0.0,0.0
20,13,94,-0.2634756565093994,-0.2634756565093994,-0.2634756565093994,-0.2634756565093994,0.0,0.0,0.0
21,14,55,-0.26545068621635437,-0.26545068621635437,-0.26545068621635437,-0.26545068621635437,0.0,0.0,0.0
22,19,308,-0.2492637038230896,-0.2492637038230896,-0.2492637038230896,-0.2492637038230896,0.0,0.0,0.0
23,13,276,-0.22451694309711456,-0.22451694309711456,-0.22451694309711456,-0.22451694309711456,0.0,0.0,0.0
24,13,278,-0.2865031361579895,-0.2865031361579895,-0.2865031361579895,-0.2865031361579895,0.0,0.0,0.0
25,13,137,-0.2167946994304657,-0.2167946994304657,-0.2167946994304657,-0.2167946994304657,0.0,0.0,0.0
26,13,278,-0.276513010263443,-0.276513010263443,-0.276513010263443,-0.276513010263443,0.0,0.0,0.0
27,13,59,-0.3100242018699646,-0.3100242018699646,-0.3100242018699646,-0.3100242018699646,0.0,0.0,0.0
28,13,137,-0.2662835717201233,-0.2662835717201233,-0.2662835717201233,-0.2662835717201233,0.0,0.0,0.0
29,12,137,-0.3677110970020294,-0.3677110970020294,-0.3677110970020294,-0.3677110970020294,0.0,0.0,0.0
30,13,282,-0.258161336183548,-0.258161336183548,-0.258161336183548,-0.258161336183548,0.0,0.0,0.0
31,13,93,-0.360672265291214,-0.360672265291214,-0.360672265291214,-0.360672265291214,0.0,0.0,0.0
32,13,282,-0.28058233857154846,-0.28058233857154846,-0.28058233857154846,-0.28058233857154846,0.0,0.0,0.0
33,12,137,-0.2473490834236145,-0.2473490834236145,-0.2473490834236145,-0.2473490834236145,0.0,0.0,0.0
34,13,150,-0.23919960856437683,-0.23919960856437683,-0.23919960856437683,-0.23919960856437683,0.0,0.0,0.0
35,41,151,-0.18911278247833252,-0.18911278247833252,-0.18911278247833252,-0.18911278247833252,0.0,0.0,0.0
36,41,153,-0.20428237318992615,-0.20428237318992615,-0.20428237318992615,-0.20428237318992615,0.0,0.0,0.0
37,40,137,-0.2756434679031372,-0.2756434679031372,-0.2756434679031372,-0.2756434679031372,0.0,0.0,0.0
38,41,150,-0.20559808611869812,-0.20559808611869812,-0.20559808611869812,-0.20559808611869812,0.0,0.0,0.0
39,40,137,-0.23000025749206543,-0.23000025749206543,-0.23000025749206543,-0.23000025749206543,0.0,0.0,0.0
40,39,151,-0.22573569416999817,-0.22573569416999817,-0.22573569416999817,-0.22573569416999817,0.0,0.0,0.0
41,38,154,-0.17290283739566803,-0.17290283739566803,-0.17290283739566803,-0.17290283739566803,0.0,0.0,0.0
42,37,142,-0.16168010234832764,-0.16168010234832764,-0.16168010234832764,-0.16168010234832764,0.0,0.0,0.0
43,38,141,-0.14059221744537354,-0.14059221744537354,-0.14059221744537354,-0.14059221744537354,0.0,0.0,0.0
44,37,144,-0.1242797002196312,-0.1242797002196312,-0.1242797002196312,-0.1242797002196312,0.0,0.0,0.0
45,50,80,-0.3777313232421875,-0.3777313232421875,-0.3777313232421875,-0.3777313232421875,0.0,0.0,0.0
46,50,80,-0.4316917657852173,-0.4316917657852173,-0.4316917657852173,-0.4316917657852173,0.0,0.0,0.0
47,46,320,-0.21424566209316254,-0.21424566209316254,-0.21424566209316254,-0.21424566209316254,0.0,0.0,0.0
48,46,320,-0.284216970205307,-0.284216970205307,-0.284216970205307,-0.284216970205307,0.0,0.0,0.0
49,46,320,-0.3404361605644226,-0.3404361605644226,-0.3404361605644226,-0.3404361605644226,0.0,0.0,0.0
50,46,293,-0.4025643765926361,-0.4025643765926361,-0.4025643765926361,-0.4025643765926361,0.0,0.0,0.0
51,46,295,-0.44952479004859924,-0.44952479004859924,-0.44952479004859924,-0.44952479004859924,0.0,0.0,0.0
52,46,320,-0.31923604011535645,-0.31923604011535645,-0.31923604011535645,-0.31923604011535645,0.0,0.0,0.0
53,46,320,-0.27401068806648254,-0.27401068806648254,-0.27401068806648254,-0.27401068806648254,0.0,0.0,0.0
54,61,38,-0.18936499953269958,-0.18936499953269958,-0.18936499953269958,-0.18936499953269958,0.0,0.0,0.0
55,56,21,-0.3111421763896942,-0.3111421763896942,-0.3111421763896942,-0.3111421763896942,0.0,0.0,0.0
56,55,133,-0.18032297492027283,-0.18032297492027283,-0.18032297492027283,-0.18032297492027283,0.0,0.0,0.0
57,55,146,-0.18641115725040436,-0.18641115725040436,-0.18641115725040436,-0.18641115725040436,0.0,0.0,0.0
58,55,159,-0.2757398784160614,-0.2757398784160614,-0.2757398784160614,-0.2757398784160614,0.0,0.0,0.0
59,55,146,-0.18606577813625336,-0.18606577813625336,-0.18606577813625336,-0.18606577813625336,0.0,0.0,0.0
60,54,146,-0.16305819153785706,-0.16305819153785706,-0.16305819153785706,-0.16305819153785706,0.0,0.0,0.0
61,54,29,-0.19452133774757385,-0.19452133774757385,-0.19452133774757385,-0.19452133774757385,0.0,0.0,0.0
62,66,92,-0.09335735440254211,-0.09335735440254211,-0.09335735440254211,-0.09335735440254211,0.0,0.0,0.0
63,71,92,-0.02363378182053566,-0.02363378182053566,-0.02363378182053566,-0.02363378182053566,0.0,0.0,0.0
64,66,92,-0.05588994547724724,-0.05588994547724724,-0.05588994547724724,-0.05588994547724724,0.0,0.0,0.0
65,71,91,-0.04986024275422096,-0.04986024275422096,-0.04986024275422096,-0.04986024275422096,0.0,0.0,0.0
66,71,92,-0.0683860257267952,-0.0683860257267952,-0.0683860257267952,-0.0683860257267952,0.0,0.0,0.0
67,66,92,-0.05814000591635704,-0.05814000591635704,-0.05814000591635704,-0.05814000591635704,0.0,0.0,0.0
68,71,235,-0.08044032752513885,-0.08044032752513885,-0.08044032752513885,-0.08044032752513885,0.0,0.0,0.0
69,66,92,-0.0480819009244442,-0.0480819009244442,-0.0480819009244442,-0.0480819009244442,0.0,0.0,0.0
70,66,91,-0.08171854168176651,-0.08171854168176651,-0.08171854168176651,-0.08171854168176651,0.0,0.0,0.0
71,66,92,-0.11617430299520493,-0.11617430299520493,-0.11617430299520493,-0.11617430299520493,0.0,0.0,0.0
72,75,92,-0.04007123410701752,-0.04007123410701752,-0.04007123410701752,-0.04007123410701752,0.0,0.0,0.0
73,65,92,-0.05826032534241676,-0.05826032534241676,-0.05826032534241676,-0.05826032534241676,0.0,0.0,0.0
74,66,92,-0.08655166625976562,-0.08655166625976562,-0.08655166625976562,-0.08655166625976562,0.0,0.0,0.0
75,62,91,-0.057242222130298615,-0.057242222130298615,-0.057242222130298615,-0.057242222130298615,0.0,0.0,0.0
76,62,235,-0.06603450328111649,-0.06603450328111649,-0.06603450328111649,-0.06603450328111649,0.0,0.0,0.0
77,62,235,-0.06463881582021713,-0.06463881582021713,-0.06463881582021713,-0.06463881582021713,0.0,0.0,0.0
78,90,46,-0.21399088203907013,-0.21399088203907013,-0.21399088203907013,-0.21399088203907013,0.0,0.0,0.0
79,83,316,-0.11437772214412689,-0.11437772214412689,-0.11437772214412689,-0.11437772214412689,0.0,0.0,0.0
80,90,46,-0.30824926495552063,-0.30824926495552063,-0.30824926495552063,-0.30824926495552063,0.0,0.0,0.0
81,87,49,-0.09293876588344574,-0.09293876588344574,-0.09293876588344574,-0.09293876588344574,0.0,0.0,0.0
82,87,319,-0.14919298887252808,-0.14919298887252808,-0.14919298887252808,-0.14919298887252808,0.0,0.0,0.0
83,90,46,-0.18115946650505066,-0.18115946650505066,-0.18115946650505066,-0.18115946650505066,0.0,0.0,0.0
84,87,53,-0.21089495718479156,-0.21089495718479156,-0.21089495718479156,-0.21089495718479156,0.0,0.0,0.0
85,90,45,-0.11032192409038544,-0.11032192409038544,-0.11032192409038544,-0.11032192409038544,0.0,0.0,0.0
86,90,45,-0.14640629291534424,-0.14640629291534424,-0.14640629291534424,-0.14640629291534424,0.0,0.0,0.0
87,82,192,-0.1251225620508194,-0.1251225620508194,-0.1251225620508194,-0.1251225620508194,0.0,0.0,0.0
88,87,122,-0.16839778423309326,-0.16839778423309326,-0.16839778423309326,-0.16839778423309326,0.0,0.0,0.0
89,83,122,-0.14700491726398468,-0.14700491726398468,-0.14700491726398468,-0.14700491726398468,0.0,0.0,0.0
90,80,248,-0.2046252191066742,-0.2046252191066742,-0.2046252191066742,-0.2046252191066742,0.0,0.0,0.0
97,108,322,-0.20495659112930298,-0.20495659112930298,-0.20495659112930298,-0.20495659112930298,0.0,0.0,0.0
98,108,323,-0.2785356640815735,-0.2785356640815735,-0.2785356640815735,-0.2785356640815735,0.0,0.0,0.0
99,108,322,-0.17750439047813416,-0.17750439047813416,-0.17750439047813416,-0.17750439047813416,0.0,0.0,0.0
100,109,322,-0.14142651855945587,-0.14142651855945587,-0.14142651855945587,-0.14142651855945587,0.0,0.0,0.0
101,108,302,-0.17870257794857025,-0.17870257794857025,-0.17870257794857025,-0.17870257794857025,0.0,0.0,0.0
102,109,322,-0.1824117749929428,-0.1824117749929428,-0.1824117749929428,-0.1824117749929428,0.0,0.0,0.0
103,108,323,-0.0782855898141861,-0.0782855898141861,-0.0782855898141861,-0.0782855898141861,0.0,0.0,0.0
104,100,260,-0.05177626013755798,-0.05177626013755798,-0.05177626013755798,-0.05177626013755798,0.0,0.0,0.0
105,108,260,-0.11742332577705383,-0.11742332577705383,-0.11742332577705383,-0.11742332577705383,0.0,0.0,0.0
106,98,260,-0.21990808844566345,-0.21990808844566345,-0.21990808844566345,-0.21990808844566345,0.0,0.0,0.0
107,103,262,-0.2140527069568634,-0.2140527069568634,-0.2140527069568634,-0.2140527069568634,0.0,0.0,0.0
108,98,259,-0.18196377158164978,-0.18196377158164978,-0.18196377158164978,-0.18196377158164978,0.0,0.0,0.0
109,98,260,-0.23941931128501892,-0.23941931128501892,-0.23941931128501892,-0.23941931128501892,0.0,0.0,0.0
110,98,259,-0.08765721321105957,-0.08765721321105957,-0.08765721321105957,-0.08765721321105957,0.0,0.0,0.0
111,115,181,-0.07896751165390015,-0.07896751165390015,-0.07896751165390015,-0.07896751165390015,0.0,0.0,0.0
112,115,183,-0.09373251348733902,-0.09373251348733902,-0.09373251348733902,-0.09373251348733902,0.0,0.0,0.0
113,118,183,-0.11158455163240433,-0.11158455163240433,-0.11158455163240433,-0.11158455163240433,0.0,0.0,0.0
114,118,183,-0.10821252316236496,-0.10821252316236496,-0.10821252316236496,-0.10821252316236496,0.0,0.0,0.0
115,112,183,-0.09213460236787796,-0.09213460236787796,-0.09213460236787796,-0.09213460236787796,0.0,0.0,0.0
116,114,181,-0.12495046108961105,-0.12495046108961105,-0.12495046108961105,-0.12495046108961105,0.0,0.0,0.0
117,115,182,-0.0952904000878334,-0.0952904000878334,-0.0952904000878334,-0.0952904000878334,0.0,0.0,0.0
118,114,183,-0.2188781052827835,-0.2188781052827835,-0.2188781052827835,-0.2188781052827835,0.0,0.0,0.0
119,124,332,-0.21247227489948273,-0.21247227489948273,-0.21247227489948273,-0.21247227489948273,0.0,0.0,0.0
120,123,239,-0.08472666144371033,-0.08472666144371033,-0.08472666144371033,-0.08472666144371033,0.0,0.0,0.0
121,123,239,-0.12072863429784775,-0.12072863429784775,-0.12072863429784775,-0.12072863429784775,0.0,0.0,0.0
122,119,238,-0.16921532154083252,-0.16921532154083252,-0.16921532154083252,-0.16921532154083252,0.0,0.0,0.0
123,120,238,-0.1453694850206375,-0.1453694850206375,-0.1453694850206375,-0.1453694850206375,0.0,0.0,0.0
124,119,239,-0.20025628805160522,-0.20025628805160522,-0.20025628805160522,-0.20025628805160522,0.0,0.0,0.0
125,127,108,0.015592202544212341,0.015592202544212341,0.015592202544212341,0.015592202544212341,0.0,0.0,0.0
126,127,190,-0.11517718434333801,-0.11517718434333801,-0.11517718434333801,-0.11517718434333801,0.0,0.0,0.0
127,126,336,-0.11108478158712387,-0.11108478158712387,-0.11108478158712387,-0.11108478158712387,0.0,0.0,0.0
128,125,100,-0.07563693821430206,-0.07563693821430206,-0.07563693821430206,-0.07563693821430206,0.0,0.0,0.0
129,126,336,-0.16955414414405823,-0.16955414414405823,-0.16955414414405823,-0.16955414414405823,0.0,0.0,0.0
130,141,37,-0.23072001338005066,-0.23072001338005066,-0.23072001338005066,-0.23072001338005066,0.0,0.0,0.0
131,156,57,-0.1691417396068573,-0.1691417396068573,-0.1691417396068573,-0.1691417396068573,0.0,0.0,0.0
132,130,58,-0.12786860764026642,-0.12786860764026642,-0.12786860764026642,-0.12786860764026642,0.0,0.0,0.0
133,130,57,-0.2005024403333664,-0.2005024403333664,-0.2005024403333664,-0.2005024403333664,0.0,0.0,0.0
134,154,37,-0.16280469298362732,-0.16280469298362732,-0.16280469298362732,-0.16280469298362732,0.0,0.0,0.0
135,154,58,-0.13366453349590302,-0.13366453349590302,-0.13366453349590302,-0.13366453349590302,0.0,0.0,0.0
136,154,38,-0.15701188147068024,-0.15701188147068024,-0.15701188147068024,-0.15701188147068024,0.0,0.0,0.0
137,142,37,-0.23802191019058228,-0.23802191019058228,-0.23802191019058228,-0.23802191019058228,0.0,0.0,0.0
138,156,58,-0.22207985818386078,-0.22207985818386078,-0.22207985818386078,-0.22207985818386078,0.0,0.0,0.0
139,130,44,-0.2008943110704422,-0.2008943110704422,-0.2008943110704422,-0.2008943110704422,0.0,0.0,0.0
140,130,44,-0.12544085085391998,-0.12544085085391998,-0.12544085085391998,-0.12544085085391998,0.0,0.0,0.0
141,130,43,-0.23181244730949402,-0.23181244730949402,-0.23181244730949402,-0.23181244730949402,0.0,0.0,0.0
142,130,42,-0.25471991300582886,-0.25471991300582886,-0.25471991300582886,-0.25471991300582886,0.0,0.0,0.0
143,130,42,-0.19924011826515198,-0.19924011826515198,-0.19924011826515198,-0.19924011826515198,0.0,0.0,0.0
144,157,44,-0.22054152190685272,-0.22054152190685272,-0.22054152190685272,-0.22054152190685272,0.0,0.0,0.0
145,142,57,-0.18581491708755493,-0.18581491708755493,-0.18581491708755493,-0.18581491708755493,0.0,0.0,0.0
146,156,57,-0.22509711980819702,-0.22509711980819702,-0.22509711980819702,-0.22509711980819702,0.0,0.0,0.0
147,156,59,-0.20630016922950745,-0.20630016922950745,-0.20630016922950745,-0.20630016922950745,0.0,0.0,0.0
148,154,59,-0.27879586815834045,-0.27879586815834045,-0.27879586815834045,-0.27879586815834045,0.0,0.0,0.0
149,156,57,-0.17720690369606018,-0.17720690369606018,-0.17720690369606018,-0.17720690369606018,0.0,0.0,0.0
150,156,57,-0.2088555246591568,-0.2088555246591568,-0.2088555246591568,-0.2088555246591568,0.0,0.0,0.0
151,157,44,-0.19614562392234802,-0.19614562392234802,-0.19614562392234802,-0.19614562392234802,0.0,0.0,0.0
152,135,42,-0.12373141944408417,-0.12373141944408417,-0.12373141944408417,-0.12373141944408417,0.0,0.0,0.0
153,155,42,-0.161160409450531,-0.161160409450531,-0.161160409450531,-0.161160409450531,0.0,0.0,0.0
154,157,44,-0.23150634765625,-0.23150634765625,-0.23150634765625,-0.23150634765625,0.0,0.0,0.0
155,153,35,-0.08876433968544006,-0.08876433968544006,-0.08876433968544006,-0.08876433968544006,0.0,0.0,0.0
156,147,42,-0.15178214013576508,-0.15178214013576508,-0.15178214013576508,-0.15178214013576508,0.0,0.0,0.0
157,154,39,-0.19397452473640442,-0.19397452473640442,-0.19397452473640442,-0.19397452473640442,0.0,0.0,0.0
158,130,43,-0.06404545903205872,-0.06404545903205872,-0.06404545903205872,-0.06404545903205872,0.0,0.0,0.0
159,130,58,-0.10750757157802582,-0.10750757157802582,-0.10750757157802582,-0.10750757157802582,0.0,0.0,0.0
160,130,57,-0.10572515428066254,-0.10572515428066254,-0.10572515428066254,-0.10572515428066254,0.0,0.0,0.0
164,166,8,-0.09771367162466049,-0.09771367162466049,-0.09771367162466049,-0.09771367162466049,0.0,0.0,0.0
165,166,270,-0.001835535280406475,-0.001835535280406475,-0.001835535280406475,-0.001835535280406475,0.0,0.0,0.0
166,164,168,-0.12641902267932892,-0.12641902267932892,-0.12641902267932892,-0.12641902267932892,0.0,0.0,0.0
170,175,93,-0.21096982061862946,-0.21096982061862946,-0.21096982061862946,-0.21096982061862946,0.0,0.0,0.0
171,175,212,-0.1944877654314041,-0.1944877654314041,-0.1944877654314041,-0.1944877654314041,0.0,0.0,0.0
172,178,161,-0.18934513628482819,-0.18934513628482819,-0.18934513628482819,-0.18934513628482819,0.0,0.0,0.0
173,178,230,-0.2592831254005432,-0.2592831254005432,-0.2592831254005432,-0.2592831254005432,0.0,0.0,0.0
174,171,203,-0.2538340389728546,-0.2538340389728546,-0.2538340389728546,-0.2538340389728546,0.0,0.0,0.0
175,171,202,-0.19894178211688995,-0.19894178211688995,-0.19894178211688995,-0.19894178211688995,0.0,0.0,0.0
176,173,93,-0.17708848416805267,-0.17708848416805267,-0.17708848416805267,-0.17708848416805267,0.0,0.0,0.0
177,175,166,-0.24172136187553406,-0.24172136187553406,-0.24172136187553406,-0.24172136187553406,0.0,0.0,0.0
178,173,166,-0.2665424644947052,-0.2665424644947052,-0.2665424644947052,-0.2665424644947052,0.0,0.0,0.0
185,189,221,-0.18785658478736877,-0.18785658478736877,-0.18785658478736877,-0.18785658478736877,0.0,0.0,0.0
186,190,237,-0.1160193383693695,-0.1160193383693695,-0.1160193383693695,-0.1160193383693695,0.0,0.0,0.0
187,189,127,-0.10013080388307571,-0.10013080388307571,-0.10013080388307571,-0.10013080388307571,0.0,0.0,0.0
188,189,293,-0.3733981251716614,-0.3733981251716614,-0.3733981251716614,-0.3733981251716614,0.0,0.0,0.0
189,188,332,-0.25536295771598816,-0.25536295771598816,-0.25536295771598816,-0.25536295771598816,0.0,0.0,0.0
190,185,128,-0.10423271358013153,-0.10423271358013153,-0.10423271358013153,-0.10423271358013153,0.0,0.0,0.0
193,197,245,-0.09100884199142456,-0.09100884199142456,-0.09100884199142456,-0.09100884199142456,0.0,0.0,0.0
194,197,245,-0.14062073826789856,-0.14062073826789856,-0.14062073826789856,-0.14062073826789856,0.0,0.0,0.0
195,194,245,0.029365427792072296,0.029365427792072296,0.029365427792072296,0.029365427792072296,0.0,0.0,0.0
196,193,245,-0.01786753349006176,-0.01786753349006176,-0.01786753349006176,-0.01786753349006176,0.0,0.0,0.0
197,193,205,-0.08803102374076843,-0.08803102374076843,-0.08803102374076843,-0.08803102374076843,0.0,0.0,0.0
201,205,161,-0.21172568202018738,-0.21172568202018738,-0.21172568202018738,-0.21172568202018738,0.0,0.0,0.0
202,207,224,-0.1539650857448578,-0.1539650857448578,-0.1539650857448578,-0.1539650857448578,0.0,0.0,0.0
203,205,339,-0.13545741140842438,-0.13545741140842438,-0.13545741140842438,-0.13545741140842438,0.0,0.0,0.0
204,205,224,-0.07673158496618271,-0.07673158496618271,-0.07673158496618271,-0.07673158496618271,0.0,0.0,0.0
205,201,265,-0.20222978293895721,-0.20222978293895721,-0.20222978293895721,-0.20222978293895721,0.0,0.0,0.0
206,201,309,-0.15635323524475098,-0.15635323524475098,-0.15635323524475098,-0.15635323524475098,0.0,0.0,0.0
207,201,263,-0.23686940968036652,-0.23686940968036652,-0.23686940968036652,-0.23686940968036652,0.0,0.0,0.0
208,203,265,-0.16533493995666504,-0.16533493995666504,-0.16533493995666504,-0.16533493995666504,0.0,0.0,0.0
209,211,144,0.0763249397277832,0.0763249397277832,0.0763249397277832,0.0763249397277832,0.0,0.0,0.0
210,211,166,0.05151672288775444,0.05151672288775444,0.05151672288775444,0.05151672288775444,0.0,0.0,0.0
211,210,207,-0.028169985860586166,-0.028169985860586166,-0.028169985860586166,-0.028169985860586166,0.0,0.0,0.0
212,210,168,0.07801751792430878,0.07801751792430878,0.07801751792430878,0.07801751792430878,0.0,0.0,0.0
213,209,207,0.15558409690856934,0.15558409690856934,0.15558409690856934,0.15558409690856934,0.0,0.0,0.0
214,210,207,0.04483338072896004,0.04483338072896004,0.04483338072896004,0.04483338072896004,0.0,0.0,0.0
224,231,202,-0.12282916903495789,-0.12282916903495789,-0.12282916903495789,-0.12282916903495789,0.0,0.0,0.0
225,231,161,-0.19356638193130493,-0.19356638193130493,-0.19356638193130493,-0.19356638193130493,0.0,0.0,0.0
226,231,301,-0.28200119733810425,-0.28200119733810425,-0.28200119733810425,-0.28200119733810425,0.0,0.0,0.0
227,231,13,-0.28432348370552063,-0.28432348370552063,-0.28432348370552063,-0.28432348370552063,0.0,0.0,0.0
228,231,7,-0.26705145835876465,-0.26705145835876465,-0.26705145835876465,-0.26705145835876465,0.0,0.0,0.0
229,231,127,-0.24695441126823425,-0.24695441126823425,-0.24695441126823425,-0.24695441126823425,0.0,0.0,0.0
230,231,10,-0.12596234679222107,-0.12596234679222107,-0.12596234679222107,-0.12596234679222107,0.0,0.0,0.0
231,227,245,-0.37461385130882263,-0.37461385130882263,-0.37461385130882263,-0.37461385130882263,0.0,0.0,0.0
232,227,245,-0.28455349802970886,-0.28455349802970886,-0.28455349802970886,-0.28455349802970886,0.0,0.0,0.0
247,256,287,-0.4682486057281494,-0.4682486057281494,-0.4682486057281494,-0.4682486057281494,0.0,0.0,0.0
248,256,91,-0.5962395668029785,-0.5962395668029785,-0.5962395668029785,-0.5962395668029785,0.0,0.0,0.0
249,256,70,-0.5653383731842041,-0.5653383731842041,-0.5653383731842041,-0.5653383731842041,0.0,0.0,0.0
250,255,92,-0.5477944016456604,-0.5477944016456604,-0.5477944016456604,-0.5477944016456604,0.0,0.0,0.0
251,256,91,-0.5464777946472168,-0.5464777946472168,-0.5464777946472168,-0.5464777946472168,0.0,0.0,0.0
252,256,91,-0.426733136177063,-0.426733136177063,-0.426733136177063,-0.426733136177063,0.0,0.0,0.0
253,256,91,-0.36031636595726013,-0.36031636595726013,-0.36031636595726013,-0.36031636595726013,0.0,0.0,0.0
254,256,91,-0.4938587546348572,-0.4938587546348572,-0.4938587546348572,-0.4938587546348572,0.0,0.0,0.0
255,247,151,-0.4322155714035034,-0.4322155714035034,-0.4322155714035034,-0.4322155714035034,0.0,0.0,0.0
256,254,55,-0.47468602657318115,-0.47468602657318115,-0.47468602657318115,-0.47468602657318115,0.0,0.0,0.0
257,247,232,-0.4174221456050873,-0.4174221456050873,-0.4174221456050873,-0.4174221456050873,0.0,0.0,0.0
