query_index,name,identity,camera,scene,valid,relevant_gallery,kept_gallery,AP,INP,first_match,last_match,Rank-1,Rank-5,Rank-10,Rank-20
0,0001_s002_v0_000.jpg,1,0,2,True,2,357,0.1893939393939394,0.045454545454545456,3,44,0,1,1,1
1,0001_s002_v2_001.jpg,1,2,2,True,2,357,0.09871794871794871,0.03076923076923077,6,65,0,0,1,1
2,0001_s002_v4_002.jpg,1,4,2,True,2,357,0.03028322440087146,0.023529411764705882,27,85,0,0,0,0
3,0001_s012_v4_003.jpg,1,4,12,True,3,358,0.120412267471091,0.07692307692307693,6,39,0,0,1,1
4,0001_s012_v7_004.jpg,1,7,12,True,3,358,0.04826281389748882,0.03333333333333333,17,90,0,0,0,1
5,0009_s000_v0_020.jpg,9,0,0,True,20,352,0.08541059257415941,0.07722007722007722,36,259,0,0,0,0
6,0009_s000_v1_024.jpg,9,1,0,True,20,352,0.14256920852692362,0.0970873786407767,16,206,0,0,0,1
7,0009_s000_v2_022.jpg,9,2,0,True,20,352,0.08330685772320709,0.08547008547008547,17,234,0,0,0,1
8,0009_s000_v3_025.jpg,9,3,0,True,20,352,0.08800466179351563,0.09569377990430622,29,209,0,0,0,0
9,0009_s000_v4_021.jpg,9,4,0,True,20,352,0.11691931673372176,0.09345794392523364,20,214,0,0,0,1
10,0009_s000_v5_026.jpg,9,5,0,True,20,352,0.09999853624305945,0.091324200913242,22,219,0,0,0,0
11,0009_s000_v6_023.jpg,9,6,0,True,20,352,0.1584118294229904,0.0851063829787234,10,235,0,0,1,1
12,0009_s000_v7_027.jpg,9,7,0,True,20,352,0.10360690211730508,0.07575757575757576,10,264,0,0,1,1
13,0009_s002_v2_000.jpg,9,2,2,True,25,357,0.2595106684091634,0.14367816091954022,1,174,1,1,1,1
14,0009_s002_v5_001.jpg,9,5,2,True,25,357,0.3547015583727097,0.2604166666666667,4,96,0,1,1,1
15,0009_s002_v7_002.jpg,9,7,2,True,25,357,0.3260253524569556,0.23809523809523808,3,105,0,1,1,1
16,0009_s012_v1_003.jpg,9,1,12,True,24,356,0.29241761492999613,0.12,4,200,0,1,1,1
17,0009_s012_v3_004.jpg,9,3,12,True,24,356,0.29961104333935046,0.20869565217391303,1,115,1,1,1,1
18,0009_s012_v5_005.jpg,9,5,12,True,24,356,0.2697933034243612,0.17142857142857143,2,140,0,1,1,1
19,0009_s012_v7_006.jpg,9,7,12,True,24,356,0.3773577764928208,0.16783216783216784,3,143,0,1,1,1
20,0009_s025_v2_007.jpg,9,2,25,True,23,355,0.26382167894374287,0.08070175438596491,1,285,1,1,1,1
21,0009_s025_v3_008.jpg,9,3,25,True,23,355,0.379212167015428,0.1013215859030837,1,227,1,1,1,1
22,0009_s025_v4_009.jpg,9,4,25,True,23,355,0.28454367275735104,0.1031390134529148,1,223,1,1,1,1
23,0009_s025_v5_010.jpg,9,5,25,True,23,355,0.32633940334078765,0.09623430962343096,1,239,1,1,1,1
24,0009_s025_v6_011.jpg,9,6,25,True,23,355,0.2902634781204941,0.1270718232044199,1,181,1,1,1,1
25,0009_s028_v0_012.jpg,9,0,28,True,20,352,0.3257773478025767,0.09900990099009901,1,202,1,1,1,1
26,0009_s028_v1_013.jpg,9,1,28,True,20,352,0.2922520667690881,0.08196721311475409,1,244,1,1,1,1
27,0009_s028_v2_014.jpg,9,2,28,True,20,352,0.13089026731481462,0.07352941176470588,13,272,0,0,0,1
28,0009_s028_v3_015.jpg,9,3,28,True,20,352,0.32245286914074855,0.09433962264150944,1,212,1,1,1,1
29,0009_s028_v4_016.jpg,9,4,28,True,20,352,0.29435946200886165,0.09803921568627451,1,204,1,1,1,1
30,0009_s028_v5_017.jpg,9,5,28,True,20,352,0.3075514022044947,0.08849557522123894,1,226,1,1,1,1
31,0009_s028_v6_018.jpg,9,6,28,True,20,352,0.30169000151461156,0.07633587786259542,1,262,1,1,1,1
32,0009_s028_v7_019.jpg,9,7,28,True,20,352,0.1915878633184363,0.08438818565400844,2,237,0,1,1,1
33,0015_s002_v1_000.jpg,15,1,2,True,7,357,0.3823547271043291,0.16279069767441862,1,43,1,1,1,1
34,0015_s002_v4_001.jpg,15,4,2,True,7,357,0.4665009593581022,0.14285714285714285,1,49,1,1,1,1
35,0015_s002_v6_002.jpg,15,6,2,True,7,357,0.595658263305322,0.10294117647058823,1,68,1,1,1,1
36,0015_s012_v1_003.jpg,15,1,12,True,8,358,0.6694377413127413,0.21621621621621623,1,37,1,1,1,1
37,0015_s012_v3_004.jpg,15,3,12,True,8,358,0.6708333333333334,0.16666666666666666,1,48,1,1,1,1
38,0015_s017_v0_005.jpg,15,0,17,True,5,355,0.11331954200671382,0.08064516129032258,10,62,0,0,1,1
39,0015_s017_v2_006.jpg,15,2,17,True,5,355,0.20322936322936322,0.15151515151515152,5,33,0,1,1,1
40,0015_s017_v4_007.jpg,15,4,17,True,5,355,0.08345166979575583,0.06172839506172839,5,81,0,1,1,1
41,0015_s017_v5_008.jpg,15,5,17,True,5,355,0.47039215686274505,0.25,1,20,1,1,1,1
42,0015_s017_v7_009.jpg,15,7,17,True,5,355,0.6376190476190476,0.2,1,25,1,1,1,1
43,0021_s003_v0_000.jpg,21,0,3,True,7,358,0.04368831656501682,0.058823529411764705,42,119,0,0,0,0
44,0021_s003_v7_001.jpg,21,7,3,True,7,358,0.05807350446062933,0.07526881720430108,32,93,0,0,0,0
45,0021_s030_v0_002.jpg,21,0,30,True,2,353,0.010386857445680974,0.011764705882352941,111,170,0,0,0,0
46,0021_s030_v1_003.jpg,21,1,30,True,2,353,0.007570806100217865,0.009259259259259259,170,216,0,0,0,0
47,0021_s030_v2_004.jpg,21,2,30,True,2,353,0.00544078656650464,0.00684931506849315,248,292,0,0,0,0
48,0021_s030_v3_005.jpg,21,3,30,True,2,353,0.004404574821023223,0.005797101449275362,332,345,0,0,0,0
49,0021_s030_v5_006.jpg,21,5,30,True,2,353,0.0051226978719202095,0.006369426751592357,258,314,0,0,0,0
50,0021_s030_v6_007.jpg,21,6,30,True,2,353,0.005289473684210526,0.006578947368421052,250,304,0,0,0,0
51,0021_s030_v7_008.jpg,21,7,30,True,2,353,0.004793899642723831,0.0060790273556231,285,329,0,0,0,0
52,0027_s004_v0_006.jpg,27,0,4,True,6,358,0.09255021903048218,0.09375,13,64,0,0,0,1
53,0027_s004_v3_007.jpg,27,3,4,True,6,358,0.08556747690239051,0.06521739130434782,5,92,0,1,1,1
54,0027_s025_v0_000.jpg,27,0,25,True,2,354,0.03611111111111111,0.016666666666666666,18,120,0,0,0,1
55,0027_s025_v1_001.jpg,27,1,25,True,2,354,0.1413934426229508,0.03278688524590164,4,61,0,1,1,1
56,0027_s025_v4_002.jpg,27,4,25,True,2,354,0.044003868471953575,0.0425531914893617,22,47,0,0,0,0
57,0027_s025_v5_003.jpg,27,5,25,True,2,354,0.07248157248157248,0.05405405405405406,11,37,0,0,0,1
58,0027_s025_v6_004.jpg,27,6,25,True,2,354,0.10427807486631016,0.11764705882352941,11,17,0,0,0,1
59,0027_s025_v7_005.jpg,27,7,25,True,2,354,0.06226053639846743,0.06896551724137931,18,29,0,0,0,1
60,0033_s004_v1_008.jpg,33,1,4,True,13,357,0.9589457550996012,0.9285714285714286,1,14,1,1,1,1
61,0033_s004_v5_009.jpg,33,5,4,True,13,357,0.7161057959134882,0.8125,3,16,0,1,1,1
62,0033_s004_v7_010.jpg,33,7,4,True,13,357,0.9150335775335777,0.8125,1,16,1,1,1,1
63,0033_s005_v0_011.jpg,33,0,5,True,14,358,0.8848930499693436,0.7368421052631579,1,19,1,1,1,1
64,0033_s005_v3_012.jpg,33,3,5,True,14,358,0.7914451144216734,0.6363636363636364,1,22,1,1,1,1
65,0033_s009_v1_013.jpg,33,1,9,True,13,357,0.9855769230769231,0.8125,1,16,1,1,1,1
66,0033_s009_v5_014.jpg,33,5,9,True,13,357,0.9058132828643664,0.6842105263157895,1,19,1,1,1,1
67,0033_s009_v7_015.jpg,33,7,9,True,13,357,0.9897435897435898,0.8666666666666667,1,15,1,1,1,1
68,0033_s014_v0_000.jpg,33,0,14,True,11,355,0.7271385180476089,0.7857142857142857,2,14,0,1,1,1
69,0033_s014_v1_001.jpg,33,1,14,True,11,355,0.8956991241082151,0.6875,1,16,1,1,1,1
70,0033_s014_v2_002.jpg,33,2,14,True,11,355,0.7869408369408369,0.7333333333333333,1,15,1,1,1,1
71,0033_s014_v3_003.jpg,33,3,14,True,11,355,0.7447805017323734,0.6470588235294118,1,17,1,1,1,1
72,0033_s014_v7_004.jpg,33,7,14,True,11,355,0.7990786990786991,0.7857142857142857,1,14,1,1,1,1
73,0033_s018_v1_005.jpg,33,1,18,True,13,357,0.7507881007881008,0.65,1,20,1,1,1,1
74,0033_s018_v3_006.jpg,33,3,18,True,13,357,0.7285543014049801,0.65,1,20,1,1,1,1
75,0033_s018_v7_007.jpg,33,7,18,True,13,357,0.6955090660973013,0.7647058823529411,3,17,0,1,1,1
76,0040_s005_v3_008.jpg,40,3,5,True,10,357,0.8081601731601731,0.4166666666666667,1,24,1,1,1,1
77,0040_s005_v5_009.jpg,40,5,5,True,10,357,0.8205662393162394,0.5,1,20,1,1,1,1
78,0040_s005_v7_010.jpg,40,7,5,True,10,357,0.4447478991596639,0.4,2,25,0,1,1,1
79,0040_s006_v1_011.jpg,40,1,6,True,11,358,0.6778940088432067,0.275,1,40,1,1,1,1
80,0040_s006_v4_012.jpg,40,4,6,True,11,358,0.19223312062723003,0.1527777777777778,7,72,0,0,1,1
81,0040_s017_v1_000.jpg,40,1,17,True,10,357,0.3081511808215956,0.23255813953488372,1,43,1,1,1,1
82,0040_s017_v2_001.jpg,40,2,17,True,10,357,0.3441805396003297,0.21739130434782608,5,46,0,1,1,1
83,0040_s017_v4_002.jpg,40,4,17,True,10,357,0.8667748917748919,0.5555555555555556,1,18,1,1,1,1
84,0040_s018_v0_003.jpg,40,0,18,True,11,358,0.7726051726051726,0.5,1,22,1,1,1,1
85,0040_s018_v1_004.jpg,40,1,18,True,11,358,0.9121651295564338,0.4782608695652174,1,23,1,1,1,1
86,0040_s020_v0_005.jpg,40,0,20,True,10,357,0.5590873015873015,0.23809523809523808,1,42,1,1,1,1
87,0040_s020_v2_006.jpg,40,2,20,True,10,357,0.519151404151404,0.2777777777777778,1,36,1,1,1,1
88,0040_s020_v4_007.jpg,40,4,20,True,10,357,0.2773722243507867,0.136986301369863,2,73,0,1,1,1
89,0064_s000_v0_008.jpg,64,0,0,True,8,354,0.1337642868323169,0.047619047619047616,5,168,0,1,1,1
90,0064_s000_v1_010.jpg,64,1,0,True,8,354,0.14266542281248162,0.047619047619047616,5,168,0,1,1,1
91,0064_s000_v3_011.jpg,64,3,0,True,8,354,0.16787040504172812,0.06504065040650407,5,123,0,1,1,1
92,0064_s000_v4_009.jpg,64,4,0,True,8,354,0.08433156756146985,0.05063291139240506,8,158,0,0,1,1
93,0064_s000_v5_012.jpg,64,5,0,True,8,354,0.34415262430529603,0.061068702290076333,2,131,0,1,1,1
94,0064_s000_v7_013.jpg,64,7,0,True,8,354,0.7055286319073084,0.14545454545454545,1,55,1,1,1,1
95,0064_s007_v1_006.jpg,64,1,7,True,12,358,0.4450391147280819,0.08391608391608392,2,143,0,1,1,1
96,0064_s007_v6_007.jpg,64,6,7,True,12,358,0.26017900247073006,0.0718562874251497,4,167,0,1,1,1
97,0064_s021_v1_000.jpg,64,1,21,True,11,357,0.09015845141099743,0.05583756345177665,10,197,0,0,1,1
98,0064_s021_v6_001.jpg,64,6,21,True,11,357,0.0812504951324476,0.05238095238095238,9,210,0,0,1,1
99,0064_s021_v7_002.jpg,64,7,21,True,11,357,0.06606689767480686,0.05555555555555555,32,198,0,0,0,0
100,0064_s022_v0_003.jpg,64,0,22,True,11,357,0.1842812563934824,0.14864864864864866,3,74,0,1,1,1
101,0064_s022_v1_004.jpg,64,1,22,True,11,357,0.2969225922492605,0.2391304347826087,2,46,0,1,1,1
102,0064_s022_v7_005.jpg,64,7,22,True,11,357,0.2413738534450311,0.11702127659574468,5,94,0,1,1,1
103,0076_s009_v0_003.jpg,76,0,9,True,6,358,0.41479215229215227,0.375,1,16,1,1,1,1
104,0076_s009_v3_004.jpg,76,3,9,True,6,358,0.7345238095238096,0.8571428571428571,2,7,0,1,1,1
105,0076_s011_v1_005.jpg,76,1,11,True,5,357,0.3647619047619048,0.35714285714285715,3,14,0,1,1,1
106,0076_s011_v2_006.jpg,76,2,11,True,5,357,0.20351315351315352,0.22727272727272727,7,22,0,0,1,1
107,0076_s011_v4_007.jpg,76,4,11,True,5,357,0.5809523809523809,0.4166666666666667,2,12,0,1,1,1
108,0076_s012_v0_000.jpg,76,0,12,True,5,357,0.5542424242424242,0.45454545454545453,2,11,0,1,1,1
109,0076_s012_v2_001.jpg,76,2,12,True,5,357,0.6342424242424243,0.45454545454545453,2,11,0,1,1,1
110,0076_s012_v4_002.jpg,76,4,12,True,5,357,0.6422222222222222,0.5,1,10,1,1,1,1
111,0082_s010_v4_003.jpg,82,4,10,True,3,357,0.41111111111111115,0.5,3,6,0,1,1,1
112,0082_s010_v5_004.jpg,82,5,10,True,3,357,0.3269230769230769,0.23076923076923078,2,13,0,1,1,1
113,0082_s010_v7_005.jpg,82,7,10,True,3,357,0.17350427350427353,0.16666666666666666,5,18,0,1,1,1
114,0082_s022_v0_000.jpg,82,0,22,True,3,357,0.2380952380952381,0.21428571428571427,3,14,0,1,1,1
115,0082_s022_v4_001.jpg,82,4,22,True,3,357,0.3277777777777778,0.25,3,12,0,1,1,1
116,0082_s022_v7_002.jpg,82,7,22,True,3,357,0.7000000000000001,0.6,1,5,1,1,1,1
117,0091_s010_v1_003.jpg,91,1,10,True,3,358,0.9166666666666666,0.75,1,4,1,1,1,1
118,0091_s010_v3_004.jpg,91,3,10,True,3,358,0.712121212121212,0.13636363636363635,1,22,1,1,1,1
119,0091_s013_v1_000.jpg,91,1,13,True,2,357,0.20833333333333331,0.16666666666666666,4,12,0,1,1,1
120,0091_s013_v4_001.jpg,91,4,13,True,2,357,0.21428571428571427,0.09523809523809523,3,21,0,1,1,1
121,0091_s013_v6_002.jpg,91,6,13,True,2,357,1.0,1.0,1,2,1,1,1,1
122,0099_s011_v4_029.jpg,99,4,11,True,29,358,0.7003190062471355,0.6590909090909091,2,44,0,1,1,1
123,0099_s011_v7_030.jpg,99,7,11,True,29,358,0.5562563246329679,0.5576923076923077,4,52,0,1,1,1
124,0099_s025_v0_000.jpg,99,0,25,True,24,353,0.4999034257648794,0.26666666666666666,2,90,0,1,1,1
125,0099_s025_v1_001.jpg,99,1,25,True,24,353,0.5001461840445778,0.375,2,64,0,1,1,1
126,0099_s025_v3_002.jpg,99,3,25,True,24,353,0.5048784462387058,0.5853658536585366,3,41,0,1,1,1
127,0099_s025_v4_003.jpg,99,4,25,True,24,353,0.6004012243868123,0.5714285714285714,3,42,0,1,1,1
128,0099_s025_v5_004.jpg,99,5,25,True,24,353,0.5031085169423957,0.6153846153846154,5,39,0,1,1,1
129,0099_s025_v6_005.jpg,99,6,25,True,24,353,0.5108079862770517,0.6,3,40,0,1,1,1
130,0099_s025_v7_006.jpg,99,7,25,True,24,353,0.5446630199987946,0.5106382978723404,2,47,0,1,1,1
131,0099_s026_v1_007.jpg,99,1,26,True,25,354,0.5314297567883655,0.45454545454545453,5,55,0,1,1,1
132,0099_s026_v2_008.jpg,99,2,26,True,25,354,0.3190596341391828,0.352112676056338,4,71,0,1,1,1
133,0099_s026_v3_009.jpg,99,3,26,True,25,354,0.3055818969307758,0.28735632183908044,5,87,0,1,1,1
134,0099_s026_v4_010.jpg,99,4,26,True,25,354,0.3266465821225753,0.25252525252525254,4,99,0,1,1,1
135,0099_s026_v5_011.jpg,99,5,26,True,25,354,0.3884506008719571,0.3424657534246575,4,73,0,1,1,1
136,0099_s026_v7_012.jpg,99,7,26,True,25,354,0.5725906238891522,0.43859649122807015,2,57,0,1,1,1
137,0099_s027_v0_013.jpg,99,0,27,True,25,354,0.515474366968492,0.3333333333333333,1,75,1,1,1,1
138,0099_s027_v1_014.jpg,99,1,27,True,25,354,0.5241858269056693,0.5102040816326531,2,49,0,1,1,1
139,0099_s027_v2_015.jpg,99,2,27,True,25,354,0.6368420761454812,0.5102040816326531,1,49,1,1,1,1
140,0099_s027_v3_016.jpg,99,3,27,True,25,354,0.5995549578508548,0.5,2,50,0,1,1,1
141,0099_s027_v4_017.jpg,99,4,27,True,25,354,0.6641756071594207,0.5952380952380952,1,42,1,1,1,1
142,0099_s027_v7_018.jpg,99,7,27,True,25,354,0.5478111421984321,0.5555555555555556,2,45,0,1,1,1
143,0099_s028_v1_019.jpg,99,1,28,True,27,356,0.5749548327094056,0.48214285714285715,2,56,0,1,1,1
144,0099_s028_v2_020.jpg,99,2,28,True,27,356,0.3013259541132283,0.36,3,75,0,1,1,1
145,0099_s028_v4_021.jpg,99,4,28,True,27,356,0.2561209421112729,0.27835051546391754,7,97,0,0,1,1
146,0099_s028_v7_022.jpg,99,7,28,True,27,356,0.5077296459338485,0.40298507462686567,3,67,0,1,1,1
147,0099_s030_v1_023.jpg,99,1,30,True,25,354,0.6876197940353665,0.5555555555555556,2,45,0,1,1,1
148,0099_s030_v3_024.jpg,99,3,30,True,25,354,0.5069317677433149,0.2777777777777778,1,90,1,1,1,1
149,0099_s030_v4_025.jpg,99,4,30,True,25,354,0.3905334138660271,0.26595744680851063,3,94,0,1,1,1
150,0099_s030_v5_026.jpg,99,5,30,True,25,354,0.5450832430056627,0.4166666666666667,2,60,0,1,1,1
151,0099_s030_v6_027.jpg,99,6,30,True,25,354,0.5549729871412244,0.46296296296296297,3,54,0,1,1,1
152,0099_s030_v7_028.jpg,99,7,30,True,25,354,0.5441669820752584,0.2976190476190476,1,84,1,1,1,1
153,0109_s011_v1_001.jpg,109,1,11,True,1,358,0.14285714285714285,0.14285714285714285,7,7,0,0,1,1
154,0109_s011_v7_002.jpg,109,7,11,True,1,358,0.1,0.1,10,10,0,0,1,1
155,0109_s022_v4_000.jpg,109,4,22,True,2,359,0.052258064516129035,0.06451612903225806,25,31,0,0,0,0
156,0121_s012_v1_000.jpg,121,1,12,True,7,358,0.21077242717244665,0.03783783783783784,1,185,1,1,1,1
157,0121_s012_v3_001.jpg,121,3,12,True,7,358,0.06369844990028692,0.046357615894039736,7,151,0,0,1,1
158,0121_s013_v0_002.jpg,121,0,13,True,7,358,0.33764404246547103,0.03535353535353535,1,198,1,1,1,1
159,0121_s013_v3_003.jpg,121,3,13,True,7,358,0.15917385771512907,0.04375,4,160,0,1,1,1
160,0121_s017_v0_004.jpg,121,0,17,True,7,358,0.04510165879211452,0.03153153153153153,11,222,0,0,0,1
161,0121_s017_v4_005.jpg,121,4,17,True,7,358,0.2849660000983368,0.03349282296650718,1,209,1,1,1,1
162,0121_s019_v0_006.jpg,121,0,19,True,6,357,0.23979107458768478,0.048,1,125,1,1,1,1
163,0121_s019_v3_007.jpg,121,3,19,True,6,357,0.08564271302110303,0.037267080745341616,5,161,0,1,1,1
164,0121_s019_v5_008.jpg,121,5,19,True,6,357,0.2488459713726202,0.06315789473684211,1,95,1,1,1,1
165,0138_s015_v1_000.jpg,138,1,15,True,4,358,0.15706578573641808,0.038834951456310676,2,103,0,1,1,1
166,0138_s015_v3_001.jpg,138,3,15,True,4,358,0.6458333333333333,0.6666666666666666,2,6,0,1,1,1
167,0138_s021_v1_002.jpg,138,1,21,True,4,358,0.12126984126984126,0.1111111111111111,9,36,0,0,1,1
168,0138_s021_v7_003.jpg,138,7,21,True,4,358,0.06817926225820962,0.02564102564102564,19,156,0,0,0,1
169,0138_s028_v4_004.jpg,138,4,28,True,4,358,0.345679012345679,0.04938271604938271,3,81,0,1,1,1
170,0138_s028_v5_005.jpg,138,5,28,True,4,358,0.7107558139534884,0.09302325581395349,1,43,1,1,1,1
171,0155_s016_v0_000.jpg,155,0,16,True,3,358,0.3163934426229508,0.04918032786885246,2,61,0,1,1,1
172,0155_s016_v3_001.jpg,155,3,16,True,3,358,0.2694805194805195,0.2727272727272727,4,11,0,1,1,1
173,0155_s024_v1_002.jpg,155,1,24,True,2,357,0.5,0.5,2,4,0,1,1,1
174,0155_s024_v3_003.jpg,155,3,24,True,2,357,0.8333333333333333,0.6666666666666666,1,3,1,1,1,1
175,0155_s024_v5_004.jpg,155,5,24,True,2,357,0.06190476190476191,0.023809523809523808,10,84,0,0,1,1
176,0165_s017_v0_000.jpg,165,0,17,True,4,356,0.03533403848937829,0.038834951456310676,54,103,0,0,0,0
177,0165_s017_v1_001.jpg,165,1,17,True,4,356,0.1052405206564799,0.12903225806451613,15,31,0,0,0,1
178,0165_s017_v3_002.jpg,165,3,17,True,4,356,0.03768043822478925,0.05063291139240506,35,79,0,0,0,0
179,0165_s017_v5_003.jpg,165,5,17,True,4,356,0.03391000476747741,0.039603960396039604,26,101,0,0,0,0
180,0165_s019_v1_004.jpg,165,1,19,True,4,356,0.22275132275132276,0.14814814814814814,2,27,0,1,1,1
181,0165_s019_v3_005.jpg,165,3,19,True,4,356,0.10712291338425639,0.10526315789473684,7,38,0,0,1,1
182,0165_s019_v5_006.jpg,165,5,19,True,4,356,0.05052234614693951,0.04597701149425287,22,87,0,0,0,0
183,0165_s019_v7_007.jpg,165,7,19,True,4,356,0.2311688311688312,0.18181818181818182,2,22,0,1,1,1
184,0173_s018_v1_000.jpg,173,1,18,True,4,358,0.23840579710144927,0.08695652173913043,5,46,0,1,1,1
185,0173_s018_v3_001.jpg,173,3,18,True,4,358,0.48459383753501395,0.09523809523809523,1,42,1,1,1,1
186,0173_s019_v0_002.jpg,173,0,19,True,2,356,0.21929824561403508,0.10526315789473684,3,19,0,1,1,1
187,0173_s019_v1_003.jpg,173,1,19,True,2,356,0.41666666666666663,0.3333333333333333,2,6,0,1,1,1
188,0173_s019_v3_004.jpg,173,3,19,True,2,356,0.75,0.5,1,4,1,1,1,1
189,0173_s019_v5_005.jpg,173,5,19,True,2,356,0.6428571428571428,0.2857142857142857,1,7,1,1,1,1
190,0195_s000_v0_002.jpg,195,0,0,True,2,353,0.019360269360269362,0.020202020202020204,54,99,0,0,0,0
191,0195_s000_v1_005.jpg,195,1,0,True,2,353,0.02393162393162393,0.022222222222222223,39,90,0,0,0,0
192,0195_s000_v3_006.jpg,195,3,0,True,2,353,0.01127508854781582,0.014285714285714285,121,140,0,0,0,0
193,0195_s000_v4_003.jpg,195,4,0,True,2,353,0.016559278350515464,0.020618556701030927,80,97,0,0,0,0
194,0195_s000_v5_007.jpg,195,5,0,True,2,353,0.009475939353988135,0.012195121951219513,148,164,0,0,0,0
195,0195_s000_v6_004.jpg,195,6,0,True,2,353,0.013946869070208728,0.016129032258064516,85,124,0,0,0,0
196,0195_s000_v7_008.jpg,195,7,0,True,2,353,0.015079365079365078,0.015873015873015872,70,126,0,0,0,0
197,0195_s022_v0_000.jpg,195,0,22,True,7,358,0.030024431744142852,0.03553299492385787,66,197,0,0,0,0
198,0195_s022_v5_001.jpg,195,5,22,True,7,358,0.023715708430068146,0.03349282296650718,115,209,0,0,0,0
199,0234_s000_v0_003.jpg,234,0,0,True,3,352,0.007221668188192956,0.00980392156862745,247,306,0,0,0,0
200,0234_s000_v1_007.jpg,234,1,0,True,3,352,0.00720756180275825,0.008982035928143712,236,334,0,0,0,0
201,0234_s000_v2_005.jpg,234,2,0,True,3,352,0.007289774306589632,0.009202453987730062,206,326,0,0,0,0
202,0234_s000_v3_008.jpg,234,3,0,True,3,352,0.008141978126003686,0.009584664536741214,168,313,0,0,0,0
203,0234_s000_v4_004.jpg,234,4,0,True,3,352,0.00654089896987937,0.008771929824561403,239,342,0,0,0,0
204,0234_s000_v5_009.jpg,234,5,0,True,3,352,0.006590014469183708,0.008746355685131196,256,343,0,0,0,0
205,0234_s000_v6_006.jpg,234,6,0,True,3,352,0.006553094220090756,0.00872093023255814,260,344,0,0,0,0
206,0234_s000_v7_010.jpg,234,7,0,True,3,352,0.006822012206079866,0.008955223880597015,256,335,0,0,0,0
207,0234_s027_v1_000.jpg,234,1,27,True,8,357,0.015959900861781506,0.024242424242424242,241,330,0,0,0,0
208,0234_s027_v3_001.jpg,234,3,27,True,8,357,0.015253685387320854,0.02416918429003021,264,331,0,0,0,0
209,0234_s027_v4_002.jpg,234,4,27,True,8,357,0.016541507920879335,0.027210884353741496,236,294,0,0,0,0
