query_index,gallery_positive_index,gallery_negative_index,R00,R10,R01,R11,delta_M_given_F,delta_F_given_M,empirical_interaction,prediction_M,prediction_F,prediction_I
0,3,115,-0.03388857841491699,-0.03395145758986473,-0.03331710770726204,-0.03497127443552017,-0.001654166728258133,-0.0010198168456554413,-0.0015912875533103943,0.1867208629846573,0.20115303993225098,0.19452981650829315
1,4,341,-0.10386954247951508,-0.10382862389087677,-0.10284651815891266,-0.10411800444126129,-0.0012714862823486328,-0.0002893805503845215,-0.0013124048709869385,0.19651208817958832,0.20823687314987183,0.20812839269638062
2,3,214,-0.027552850544452667,-0.02758033573627472,-0.02837410382926464,-0.028084607794880867,0.0002894960343837738,-0.0005042720586061478,0.0003169812262058258,0.1661626398563385,0.18468423187732697,0.17451277375221252
3,2,182,-0.049513231962919235,-0.04950571060180664,-0.04667182266712189,-0.054095469415187836,-0.0074236467480659485,-0.004589758813381195,-0.007431168109178543,0.15783736109733582,0.17184843122959137,0.16432535648345947
4,1,115,-0.1269039511680603,-0.1268889456987381,-0.1205928772687912,-0.1256656050682068,-0.005072727799415588,0.001223340630531311,-0.005087733268737793,0.11452862620353699,0.1302001029253006,0.11785528808832169
7,30,98,-0.204218327999115,-0.2044849693775177,-0.21727730333805084,-0.21606296300888062,0.001214340329170227,-0.011577993631362915,0.001480981707572937,0.14051102101802826,0.15970847010612488,0.14812710881233215
8,29,276,-0.159837543964386,-0.15993373095989227,-0.1593477725982666,-0.16140145063400269,-0.002053678035736084,-0.0014677196741104126,-0.0019574910402297974,0.18137474358081818,0.19233104586601257,0.18622395396232605
9,19,276,-0.1525523066520691,-0.15257512032985687,-0.15415528416633606,-0.15576700866222382,-0.0016117244958877563,-0.0031918883323669434,-0.0015889108180999756,0.17431892454624176,0.18912777304649353,0.17933741211891174
10,24,161,-0.1406102180480957,-0.140765979886055,-0.14986062049865723,-0.14659830927848816,0.0032623112201690674,-0.0058323293924331665,0.003418073058128357,0.18113617599010468,0.1958494782447815,0.1896912157535553
11,29,276,-0.16743305325508118,-0.1675223708152771,-0.16708537936210632,-0.16770167648792267,-0.0006162971258163452,-0.00017930567264556885,-0.0005269795656204224,0.16857241094112396,0.18510186672210693,0.17951112985610962
12,29,276,-0.22347408533096313,-0.22357071936130524,-0.2234724462032318,-0.22510811686515808,-0.0016356706619262695,-0.0015373975038528442,-0.0015390366315841675,0.19391395151615143,0.2076472043991089,0.20249545574188232
13,29,276,-0.19885379076004028,-0.1989457607269287,-0.19848133623600006,-0.20003612339496613,-0.0015547871589660645,-0.0010903626680374146,-0.0014628171920776367,0.1792439967393875,0.18885034322738647,0.18451322615146637
14,19,301,-0.16927175223827362,-0.16943418979644775,-0.17577709257602692,-0.17500633001327515,0.00077076256275177,-0.005572140216827393,0.0009332001209259033,0.20892544090747833,0.21763741970062256,0.21642854809761047
15,29,182,-0.2221692055463791,-0.22246043384075165,-0.2255951166152954,-0.22695016860961914,-0.0013550519943237305,-0.004489734768867493,-0.0010638236999511719,0.201211079955101,0.20422911643981934,0.20610247552394867
16,7,182,-0.19108137488365173,-0.19131608307361603,-0.1913214921951294,-0.19434255361557007,-0.003021061420440674,-0.0030264705419540405,-0.0027863532304763794,0.17033950984477997,0.17791748046875,0.17565393447875977
17,7,182,-0.15824434161186218,-0.15845520794391632,-0.16168606281280518,-0.16322410106658936,-0.0015380382537841797,-0.004768893122673035,-0.0013271719217300415,0.13542917370796204,0.14435812830924988,0.1360023319721222
18,7,61,-0.15955474972724915,-0.1596536785364151,-0.1614491045475006,-0.16578251123428345,-0.004333406686782837,-0.006128832697868347,-0.004234477877616882,0.20600402355194092,0.20984098315238953,0.21276025474071503
19,12,55,-0.18796642124652863,-0.18801377713680267,-0.18987615406513214,-0.19342568516731262,-0.003549531102180481,-0.005411908030509949,-0.003502175211906433,0.14713703095912933,0.1505233347415924,0.15350137650966644
20,29,182,-0.17544418573379517,-0.17570455372333527,-0.17640773952007294,-0.18015418946743011,-0.0037464499473571777,-0.004449635744094849,-0.0034860819578170776,0.15985776484012604,0.17058458924293518,0.16681969165802002
21,29,94,-0.1788693070411682,-0.1791345626115799,-0.17951615154743195,-0.18349897861480713,-0.003982827067375183,-0.004364416003227234,-0.003717571496963501,0.14684128761291504,0.15443304181098938,0.15234458446502686
22,19,42,-0.1485685408115387,-0.14862418174743652,-0.15634189546108246,-0.1558510959148407,0.0004907995462417603,-0.007226914167404175,0.0005464404821395874,0.20545507967472076,0.22062981128692627,0.21617019176483154
23,7,42,-0.15018434822559357,-0.15032131969928741,-0.1534343659877777,-0.1538144201040268,-0.00038005411624908447,-0.00349310040473938,-0.00024308264255523682,0.20047128200531006,0.21636879444122314,0.214276984333992
24,7,117,-0.22910848259925842,-0.22936949133872986,-0.23267726600170135,-0.2342664897441864,-0.0015892237424850464,-0.004896998405456543,-0.0013282150030136108,0.1680542379617691,0.18470712006092072,0.17679642140865326
25,7,42,-0.1898651272058487,-0.18997244536876678,-0.19515976309776306,-0.19565492868423462,-0.0004951655864715576,-0.0056824833154678345,-0.0003878474235534668,0.17663608491420746,0.19131842255592346,0.1845903843641281
26,7,42,-0.23334670066833496,-0.2334817796945572,-0.23997394740581512,-0.2413685917854309,-0.0013946443796157837,-0.007886812090873718,-0.0012595653533935547,0.22733794152736664,0.24139490723609924,0.24040207266807556
27,12,61,-0.19083021581172943,-0.1910001039505005,-0.18945500254631042,-0.19294486939907074,-0.003489866852760315,-0.0019447654485702515,-0.003319978713989258,0.18680131435394287,0.19771330058574677,0.1933530569076538
28,7,42,-0.157254159450531,-0.15739066898822784,-0.1614851951599121,-0.16312827169895172,-0.0016430765390396118,-0.005737602710723877,-0.0015065670013427734,0.1809724122285843,0.19862639904022217,0.1897457242012024
29,12,56,-0.2344694584608078,-0.2345510572195053,-0.23460718989372253,-0.23646152019500732,-0.00185433030128479,-0.0019104629755020142,-0.0017727315425872803,0.1789819747209549,0.18724434077739716,0.18574199080467224
30,7,42,-0.19337759912014008,-0.19347384572029114,-0.19833491742610931,-0.19929972290992737,-0.0009648054838180542,-0.0058258771896362305,-0.0008685588836669922,0.15597665309906006,0.1709422767162323,0.16367638111114502
31,7,42,-0.19607920944690704,-0.19619455933570862,-0.20062470436096191,-0.20206387341022491,-0.0014391690492630005,-0.005869314074516296,-0.0013238191604614258,0.16077227890491486,0.17713910341262817,0.16945502161979675
32,7,42,-0.161026269197464,-0.16111087799072266,-0.1668596714735031,-0.16757509112358093,-0.0007154196500778198,-0.006464213132858276,-0.0006308108568191528,0.20251533389091492,0.2182595133781433,0.21503868699073792
33,7,57,-0.16878941655158997,-0.16891464591026306,-0.17460569739341736,-0.17446036636829376,0.0001453310251235962,-0.005545720458030701,0.0002705603837966919,0.22399304807186127,0.23430386185646057,0.23479962348937988
34,7,57,-0.1497974842786789,-0.15000508725643158,-0.1559935063123703,-0.1570124626159668,-0.0010189563035964966,-0.007007375359535217,-0.000811353325843811,0.23480607569217682,0.25139284133911133,0.2515723407268524
35,41,58,-0.14584980905056,-0.14598289132118225,-0.1481727659702301,-0.1478622555732727,0.00031051039695739746,-0.001879364252090454,0.0004435926675796509,0.22184453904628754,0.23184190690517426,0.23025324940681458
36,41,140,-0.11430657655000687,-0.1143568903207779,-0.11697069555521011,-0.11655737459659576,0.00041332095861434937,-0.002200484275817871,0.000463634729385376,0.23251228034496307,0.24215435981750488,0.2432253658771515
37,40,149,-0.09190262854099274,-0.0920177772641182,-0.09568770974874496,-0.09496436268091202,0.0007233470678329468,-0.0029465854167938232,0.0008384957909584045,0.197740837931633,0.20613695681095123,0.20648570358753204
38,41,54,-0.1307080239057541,-0.13087911903858185,-0.13177573680877686,-0.13311365246772766,-0.0013379156589508057,-0.002234533429145813,-0.0011668205261230469,0.18938590586185455,0.2000882923603058,0.1978958547115326
39,41,58,-0.1144433468580246,-0.1145515963435173,-0.11599408835172653,-0.11586716026067734,0.00012692809104919434,-0.0013155639171600342,0.00023517757654190063,0.18231172859668732,0.1928139477968216,0.19156020879745483
40,37,151,-0.1255536526441574,-0.12560993432998657,-0.12759876251220703,-0.12819352746009827,-0.0005947649478912354,-0.0025835931301116943,-0.0005384832620620728,0.25199538469314575,0.2602587640285492,0.26285046339035034
41,35,144,-0.10985436290502548,-0.10982804000377655,-0.11268509924411774,-0.1129671260714531,-0.00028202682733535767,-0.003139086067676544,-0.00030834972858428955,0.21976321935653687,0.22254838049411774,0.2302059531211853
42,35,153,-0.11106036603450775,-0.11103983223438263,-0.11006711423397064,-0.1112932339310646,-0.0012261196970939636,-0.0002534016966819763,-0.0012466534972190857,0.23030449450016022,0.24466361105442047,0.24491646885871887
43,35,141,-0.09521712362766266,-0.0951675996184349,-0.09523650258779526,-0.09611425548791885,-0.0008777529001235962,-0.0009466558694839478,-0.0009272769093513489,0.2408127337694168,0.24578969180583954,0.2529284954071045
44,35,57,-0.060188308358192444,-0.06018146127462387,-0.061120592057704926,-0.061247602105140686,-0.0001270100474357605,-0.0010661408305168152,-0.0001338571310043335,0.21188129484653473,0.21772922575473785,0.22051683068275452
45,50,80,-0.3203529119491577,-0.32085686922073364,-0.3263123035430908,-0.3306613564491272,-0.004349052906036377,-0.009804487228393555,-0.0038450956344604492,0.12386207282543182,0.12374665588140488,0.1328054517507553
46,50,80,-0.30895382165908813,-0.3094292879104614,-0.31509238481521606,-0.31808334589004517,-0.0029909610748291016,-0.00865405797958374,-0.0025154948234558105,0.11770477890968323,0.11753583699464798,0.12873715162277222
47,46,88,-0.1729317456483841,-0.1728828102350235,-0.1732904613018036,-0.17337976396083832,-8.9302659034729e-05,-0.0004969537258148193,-0.0001382380723953247,0.15055140852928162,0.15734438598155975,0.16490162909030914
48,46,333,-0.16683273017406464,-0.16681964695453644,-0.1680639684200287,-0.16732951998710632,0.0007344484329223633,-0.0005098730325698853,0.000721365213394165,0.20497845113277435,0.20634567737579346,0.21994537115097046
49,46,319,-0.22127003967761993,-0.22139284014701843,-0.2226162552833557,-0.22490227222442627,-0.0022860169410705566,-0.003509432077407837,-0.002163216471672058,0.19252246618270874,0.20250394940376282,0.20866422355175018
50,46,96,-0.24183543026447296,-0.2421189844608307,-0.2455628365278244,-0.25058114528656006,-0.005018308758735657,-0.00846216082572937,-0.00473475456237793,0.24579204618930817,0.2525649666786194,0.2664202153682709
51,46,191,-0.2812556326389313,-0.28123852610588074,-0.28353452682495117,-0.28722190856933594,-0.0036873817443847656,-0.0059833824634552,-0.0037044882774353027,0.16253849864006042,0.16931158304214478,0.17475266754627228
52,46,320,-0.2731163501739502,-0.2731982469558716,-0.2755206823348999,-0.27625253796577454,-0.0007318556308746338,-0.003054291009902954,-0.0006499588489532471,0.18991607427597046,0.1935393214225769,0.20283925533294678
53,45,319,-0.1604100465774536,-0.16055090725421906,-0.16338028013706207,-0.16276100277900696,0.0006192773580551147,-0.002210095524787903,0.0007601380348205566,0.1965755820274353,0.20034711062908173,0.21203097701072693
54,56,36,-0.06311065703630447,-0.06320939213037491,-0.06781487911939621,-0.067329540848732,0.0004853382706642151,-0.004120148718357086,0.0005840733647346497,0.18298330903053284,0.1961812674999237,0.18900138139724731
55,59,27,-0.1905168890953064,-0.19049224257469177,-0.19102245569229126,-0.1925840973854065,-0.0015616416931152344,-0.0020918548107147217,-0.0015862882137298584,0.14134855568408966,0.15282152593135834,0.14847442507743835
56,55,145,-0.08320576697587967,-0.08325663208961487,-0.08810829371213913,-0.08455365151166916,0.0035546422004699707,-0.0012970194220542908,0.0036055073142051697,0.1825227290391922,0.19256380200386047,0.1874181032180786
57,55,140,-0.10789119452238083,-0.10790958255529404,-0.11039922386407852,-0.10926198959350586,0.0011372342705726624,-0.0013524070382118225,0.0011556223034858704,0.21175076067447662,0.21920564770698547,0.2218262106180191
58,55,36,-0.15229623019695282,-0.15238814055919647,-0.15454919636249542,-0.15402668714523315,0.0005225092172622681,-0.0016385465860366821,0.0006144195795059204,0.22961737215518951,0.23392049968242645,0.2385738044977188
59,55,148,-0.14435569941997528,-0.14451059699058533,-0.14960715174674988,-0.14783921837806702,0.0017679333686828613,-0.0033286213874816895,0.0019228309392929077,0.22709593176841736,0.23409533500671387,0.2358507215976715
60,55,140,-0.10285554826259613,-0.1028384417295456,-0.10579650104045868,-0.10389456152915955,0.0019019395112991333,-0.0010561197996139526,0.0018848329782485962,0.2273072600364685,0.2339685559272766,0.23543144762516022
61,55,152,-0.05060392618179321,-0.05057433992624283,-0.05345940962433815,-0.050118204206228256,0.003341205418109894,0.00045613572001457214,0.0033116191625595093,0.20322255790233612,0.21500572562217712,0.21132421493530273
62,76,92,-0.0556890070438385,-0.055742621421813965,-0.056103937327861786,-0.05639909207820892,-0.00029515475034713745,-0.0006564706563949585,-0.00024154037237167358,0.058864060789346695,0.07054554671049118,0.07159963250160217
63,70,92,-0.01020761951804161,-0.01028839498758316,-0.00953318178653717,-0.010549772530794144,-0.0010165907442569733,-0.0002613775432109833,-0.0009358152747154236,0.04616287723183632,0.0617024302482605,0.059424787759780884
64,66,92,-0.02602313831448555,-0.02622373402118683,-0.02733376808464527,-0.027427740395069122,-9.397231042385101e-05,-0.0012040063738822937,0.00010662339627742767,0.04794517531991005,0.06083725020289421,0.06088041514158249
65,76,91,-0.02348288521170616,-0.023492785170674324,-0.02381683886051178,-0.023658357560634613,0.00015848129987716675,-0.000165572389960289,0.00016838125884532928,0.06787028908729553,0.08134402334690094,0.07769425213336945
66,71,91,-0.02688414230942726,-0.026845980435609818,-0.02721865475177765,-0.02676025591790676,0.00045839883387088776,8.572451770305634e-05,0.0004202369600534439,0.08061428368091583,0.09740716964006424,0.09034301340579987
67,76,92,-0.0344800129532814,-0.03454912453889847,-0.03485044836997986,-0.03505736589431763,-0.00020691752433776855,-0.0005082413554191589,-0.00013780593872070312,0.052763428539037704,0.0652708113193512,0.06265348196029663
68,71,92,-0.017280863597989082,-0.01726345345377922,-0.01628154143691063,-0.016655314713716507,-0.0003737732768058777,0.0006081387400627136,-0.00039118342101573944,0.04981151968240738,0.06623847037553787,0.061479151248931885
69,76,92,-0.017647776752710342,-0.017723416909575462,-0.01816318742930889,-0.018441617488861084,-0.0002784300595521927,-0.0007182005792856216,-0.00020278990268707275,0.057398904114961624,0.06938447803258896,0.06825460493564606
70,68,91,-0.03777757287025452,-0.037874579429626465,-0.0382402278482914,-0.03854683041572571,-0.0003066025674343109,-0.0006722509860992432,-0.00020959600806236267,0.07109564542770386,0.08534058183431625,0.0807960033416748
71,66,92,-0.050261240452528,-0.05047968029975891,-0.05137661471962929,-0.05155520513653755,-0.00017859041690826416,-0.0010755248367786407,3.9849430322647095e-05,0.0531156100332737,0.06584447622299194,0.06496282666921616
72,75,92,-0.013035951182246208,-0.013144901022315025,-0.012449360452592373,-0.013178374618291855,-0.000729014165699482,-3.347359597682953e-05,-0.0006200643256306648,0.06834873557090759,0.08157843351364136,0.07895685732364655
73,65,92,-0.016469869762659073,-0.016493672505021095,-0.016283873468637466,-0.016875742003321648,-0.0005918685346841812,-0.00038206949830055237,-0.0005680657923221588,0.054574593901634216,0.06768288463354111,0.06576893478631973
74,66,91,-0.02406356856226921,-0.024196797981858253,-0.02547639235854149,-0.025057096034288406,0.0004192963242530823,-0.0008602980524301529,0.0005525257438421249,0.06157488003373146,0.07239126414060593,0.07277582585811615
75,71,248,-0.029122820124030113,-0.028981441631913185,-0.02737901546061039,-0.02710076980292797,0.0002782456576824188,0.0018806718289852142,0.00013686716556549072,0.03989160433411598,0.058293238282203674,0.05167331546545029
76,62,91,-0.03517948463559151,-0.035225760191679,-0.03565416485071182,-0.034962087869644165,0.0006920769810676575,0.0002636723220348358,0.0007383525371551514,0.05147484317421913,0.06920064985752106,0.06077061593532562
77,71,248,-0.03823811560869217,-0.03807450830936432,-0.036480095237493515,-0.035849835723638535,0.0006302595138549805,0.0022246725857257843,0.0004666522145271301,0.03878089413046837,0.05580097809433937,0.04804985970258713
78,90,46,-0.10052289068698883,-0.10088621824979782,-0.10763055831193924,-0.10889922082424164,-0.0012686625123023987,-0.008013002574443817,-0.0009053349494934082,0.14954982697963715,0.1485101878643036,0.16069641709327698
79,90,318,-0.08119520545005798,-0.0812278613448143,-0.08398213982582092,-0.08249936252832413,0.0014827772974967957,-0.0012715011835098267,0.0015154331922531128,0.14428769052028656,0.14460651576519012,0.15477776527404785
80,82,120,-0.10184627771377563,-0.10185462981462479,-0.10326719284057617,-0.10259479284286499,0.0006723999977111816,-0.0007401630282402039,0.0006807520985603333,0.12329228967428207,0.12223725765943527,0.1308823823928833
81,87,315,-0.09491851925849915,-0.09463056176900864,-0.09553156048059464,-0.09259471297264099,0.002936847507953644,0.0020358487963676453,0.0026488900184631348,0.13255555927753448,0.14086580276489258,0.14465287327766418
82,87,297,-0.09811312705278397,-0.09793534874916077,-0.09709613025188446,-0.09459268301725388,0.0025034472346305847,0.003342665731906891,0.0023256689310073853,0.195736363530159,0.19878056645393372,0.21041837334632874
83,79,334,-0.08707238733768463,-0.0870874673128128,-0.08797704428434372,-0.08488059043884277,0.003096453845500946,0.0022068768739700317,0.00311153382062912,0.1838294267654419,0.18262650072574615,0.19731147587299347
84,90,336,-0.08571898937225342,-0.08580590039491653,-0.08843302726745605,-0.08824577927589417,0.00018724799156188965,-0.0024398788809776306,0.0002741590142250061,0.21480926871299744,0.21126870810985565,0.22812192142009735
85,90,316,-0.0684957280755043,-0.06849499046802521,-0.07413490116596222,-0.07141206413507462,0.0027228370308876038,-0.002917073667049408,0.0027220994234085083,0.1830541342496872,0.17817161977291107,0.19380950927734375
86,82,121,-0.10064693540334702,-0.10073761641979218,-0.10222557932138443,-0.1012297198176384,0.0009958595037460327,-0.0004921033978462219,0.0010865405201911926,0.11527092009782791,0.12047839164733887,0.12292659282684326
87,82,124,-0.12484560906887054,-0.12478666007518768,-0.12713898718357086,-0.12620213627815247,0.000936850905418396,-0.0014154762029647827,0.0008779019117355347,0.13325868546962738,0.13869161903858185,0.14119404554367065
88,78,315,-0.07244998216629028,-0.07199767976999283,-0.07263891398906708,-0.06777310371398926,0.00486581027507782,0.0042245760560035706,0.004413507878780365,0.13545440137386322,0.14250466227531433,0.1466926783323288
89,84,120,-0.06498254835605621,-0.06495511531829834,-0.06622166931629181,-0.06622815132141113,-6.4820051193237305e-06,-0.001273036003112793,-3.3915042877197266e-05,0.13543951511383057,0.14333389699459076,0.1470913290977478
90,84,62,-0.11772064119577408,-0.1176728904247284,-0.12193606793880463,-0.12067137658596039,0.0012646913528442383,-0.0029984861612319946,0.0012169405817985535,0.12738946080207825,0.13841024041175842,0.13908910751342773
97,109,323,-0.09702698141336441,-0.09719247370958328,-0.10320834815502167,-0.10283133387565613,0.00037701427936553955,-0.0056388601660728455,0.0005425065755844116,0.19113244116306305,0.19419436156749725,0.19952233135700226
98,108,275,-0.15359172224998474,-0.15365543961524963,-0.15736794471740723,-0.1587662398815155,-0.0013982951641082764,-0.005110800266265869,-0.0013345777988433838,0.2092919796705246,0.21184642612934113,0.21899133920669556
99,106,273,-0.10316165536642075,-0.10319997370243073,-0.10407504439353943,-0.10597408562898636,-0.00189904123544693,-0.0027741119265556335,-0.0018607228994369507,0.1922745406627655,0.19155186414718628,0.2008201628923416
100,109,325,-0.10279469192028046,-0.10293857753276825,-0.10787827521562576,-0.10791860520839691,-4.032999277114868e-05,-0.004980027675628662,0.00010355561971664429,0.2065732777118683,0.20567773282527924,0.21696710586547852
101,109,323,-0.11563030630350113,-0.1158348023891449,-0.12101564556360245,-0.12003959715366364,0.0009760484099388123,-0.004204794764518738,0.0011805444955825806,0.1737917810678482,0.1750708669424057,0.18027380108833313
102,109,323,-0.12674230337142944,-0.1268956959247589,-0.13268819451332092,-0.13297095894813538,-0.0002827644348144531,-0.006075263023376465,-0.00012937188148498535,0.21037785708904266,0.20821097493171692,0.21829980611801147
103,109,323,-0.0922933891415596,-0.09249882400035858,-0.098564013838768,-0.09889058768749237,-0.00032657384872436523,-0.006391763687133789,-0.00012113898992538452,0.19459906220436096,0.20261044800281525,0.20608305931091309
104,109,273,-0.07140359282493591,-0.07146355509757996,-0.07392393797636032,-0.07461594045162201,-0.0006920024752616882,-0.0031523853540420532,-0.0006320402026176453,0.21649400889873505,0.21897104382514954,0.22909876704216003
105,100,259,-0.09344828873872757,-0.0934375450015068,-0.0909758061170578,-0.09382649511098862,-0.0028506889939308167,-0.0003889501094818115,-0.002861432731151581,0.14424128830432892,0.15113365650177002,0.15440520644187927
106,100,262,-0.14731043577194214,-0.14724966883659363,-0.14673303067684174,-0.14740967750549316,-0.0006766468286514282,-0.00016000866889953613,-0.000737413763999939,0.1668759286403656,0.17525872588157654,0.1749407798051834
107,109,262,-0.15086649358272552,-0.15086251497268677,-0.15141472220420837,-0.15026316046714783,0.0011515617370605469,0.0005993545055389404,0.0011475831270217896,0.13938654959201813,0.14301294088363647,0.14574220776557922
108,98,259,-0.1471313238143921,-0.147248312830925,-0.14627429842948914,-0.148789182305336,-0.002514883875846863,-0.0015408694744110107,-0.002397894859313965,0.1295146495103836,0.13711710274219513,0.13805308938026428
109,103,215,-0.10137403011322021,-0.10155601054430008,-0.09790275990962982,-0.10072839260101318,-0.002825632691383362,0.0008276179432868958,-0.0026436522603034973,0.12880165874958038,0.13669919967651367,0.13860686123371124
110,106,215,-0.0796353816986084,-0.07983463257551193,-0.07821647822856903,-0.0792815089225769,-0.0010650306940078735,0.0005531236529350281,-0.0008657798171043396,0.15067431330680847,0.15405386686325073,0.1611970067024231
111,114,181,-0.0796985998749733,-0.07968270033597946,-0.0785679966211319,-0.07877364754676819,-0.0002056509256362915,0.0009090527892112732,-0.00022155046463012695,0.1195203885436058,0.13986824452877045,0.12788504362106323
112,114,181,-0.04755072295665741,-0.04759017005562782,-0.046552300453186035,-0.047521766275167465,-0.00096946582198143,6.840378046035767e-05,-0.0009300187230110168,0.21943508088588715,0.230301171541214,0.23510928452014923
113,118,308,-0.04884584993124008,-0.048846032470464706,-0.04998557269573212,-0.04993194341659546,5.3629279136657715e-05,-0.0010859109461307526,5.381181836128235e-05,0.14891736209392548,0.16706302762031555,0.1570086032152176
114,118,280,-0.05070839077234268,-0.050638265907764435,-0.05132211744785309,-0.05061006173491478,0.0007120557129383087,2.820417284965515e-05,0.0006419308483600616,0.14568786323070526,0.16467374563217163,0.1537082940340042
115,112,277,-0.05802147835493088,-0.05792585015296936,-0.0561593659222126,-0.05421026051044464,0.0019491054117679596,0.0037155896425247192,0.0018534772098064423,0.19898416101932526,0.20932579040527344,0.20608408749103546
116,114,181,-0.05179102346301079,-0.051824383437633514,-0.05196758732199669,-0.05229351669549942,-0.0003259293735027313,-0.00046913325786590576,-0.0002925693988800049,0.14942605793476105,0.1651260256767273,0.15831196308135986
117,113,182,-0.07291150093078613,-0.07285712659358978,-0.0697835236787796,-0.07051864266395569,-0.0007351189851760864,0.0023384839296340942,-0.0007894933223724365,0.16075484454631805,0.17581942677497864,0.1700633466243744
118,114,183,-0.11841066181659698,-0.11845659464597702,-0.11757493764162064,-0.11797893047332764,-0.00040399283170700073,0.00047766417264938354,-0.00035806000232696533,0.20110538601875305,0.2081039696931839,0.21012331545352936
119,124,288,-0.09428396075963974,-0.0943204015493393,-0.09662067890167236,-0.09536648541688919,0.0012541934847831726,-0.0010460838675498962,0.001290634274482727,0.18128854036331177,0.17675065994262695,0.1928357481956482
120,123,80,-0.09398601204156876,-0.09387597441673279,-0.09866772592067719,-0.0989048108458519,-0.00023708492517471313,-0.00502883642911911,-0.00034712255001068115,0.17333213984966278,0.1744324415922165,0.18435832858085632
121,123,80,-0.07034579664468765,-0.07025343924760818,-0.07412281632423401,-0.07370489835739136,0.00041791796684265137,-0.0034514591097831726,0.0003255605697631836,0.1744651049375534,0.16923102736473083,0.18415942788124084
122,120,238,-0.049699023365974426,-0.04994657635688782,-0.05065890774130821,-0.05145906284451485,-0.0008001551032066345,-0.0015124864876270294,-0.0005526021122932434,0.1716173142194748,0.16977760195732117,0.18383052945137024
123,120,238,-0.06914303451776505,-0.06928442418575287,-0.07131784409284592,-0.07079777866601944,0.000520065426826477,-0.001513354480266571,0.0006614550948143005,0.1517368108034134,0.15758022665977478,0.1627432256937027
124,119,87,-0.07565966248512268,-0.07565866410732269,-0.07716883718967438,-0.07895949482917786,-0.001790657639503479,-0.0033008307218551636,-0.0017916560173034668,0.13510462641716003,0.13655830919742584,0.1423562467098236
125,128,216,-0.030576514080166817,-0.030687859281897545,-0.03165048733353615,-0.0331263467669487,-0.0014758594334125519,-0.002438487485051155,-0.0013645142316818237,0.23014694452285767,0.22421790659427643,0.24192623794078827
126,127,80,-0.05040818452835083,-0.050331491976976395,-0.0453064851462841,-0.04969979450106621,-0.0043933093547821045,0.0006316974759101868,-0.00447000190615654,0.2122020423412323,0.20970886945724487,0.22489452362060547
127,126,336,-0.06249817833304405,-0.06265375018119812,-0.06440386921167374,-0.06253548711538315,0.0018683820962905884,0.00011826306581497192,0.0020239539444446564,0.20725949108600616,0.2022503763437271,0.21775899827480316
128,125,187,-0.03892078995704651,-0.03893161565065384,-0.03762230649590492,-0.03836598992347717,-0.0007436834275722504,0.0005656257271766663,-0.00073285773396492,0.22685955464839935,0.2157444953918457,0.23687347769737244
129,126,336,-0.057914044708013535,-0.05806896090507507,-0.05774029716849327,-0.05731212720274925,0.00042816996574401855,0.0007568337023258209,0.0005830861628055573,0.21943946182727814,0.21173478662967682,0.2317534238100052
130,154,61,-0.19239534437656403,-0.19253572821617126,-0.19368845224380493,-0.1943405568599701,-0.0006521046161651611,-0.0018048286437988281,-0.0005117207765579224,0.2275313287973404,0.23009061813354492,0.23705746233463287
131,154,57,-0.15128670632839203,-0.1514013111591339,-0.15335753560066223,-0.1537797749042511,-0.0004222393035888672,-0.0023784637451171875,-0.00030763447284698486,0.21118055284023285,0.2158261239528656,0.21899840235710144
132,154,57,-0.09142233431339264,-0.09153086692094803,-0.0927201360464096,-0.09285857528448105,-0.00013843923807144165,-0.00132770836353302,-2.9906630516052246e-05,0.21741850674152374,0.22512580454349518,0.229281485080719
133,157,57,-0.14102423191070557,-0.1410418152809143,-0.14195984601974487,-0.1434629112482071,-0.0015030652284622192,-0.0024210959672927856,-0.001485481858253479,0.22730408608913422,0.23623162508010864,0.23972849547863007
134,154,58,-0.15960127115249634,-0.1597408652305603,-0.16106174886226654,-0.16165274381637573,-0.0005909949541091919,-0.0019118785858154297,-0.00045140087604522705,0.20666760206222534,0.21034350991249084,0.21525807678699493
135,154,58,-0.1822352558374405,-0.1823490411043167,-0.1844954490661621,-0.18444663286209106,4.881620407104492e-05,-0.002097591757774353,0.00016260147094726562,0.22011080384254456,0.22136610746383667,0.22910496592521667
136,154,58,-0.18826913833618164,-0.1883901059627533,-0.18906204402446747,-0.1896396428346634,-0.0005775988101959229,-0.0012495368719100952,-0.0004566311836242676,0.22171933948993683,0.22646738588809967,0.23115648329257965
137,154,57,-0.14986856281757355,-0.14998145401477814,-0.1507146954536438,-0.15151377022266388,-0.0007990747690200806,-0.0015323162078857422,-0.0006861835718154907,0.214997336268425,0.2203424721956253,0.22492337226867676
138,154,57,-0.1583489328622818,-0.15847547352313995,-0.16040417551994324,-0.16085834801197052,-0.0004541724920272827,-0.0023828744888305664,-0.0003276318311691284,0.24159935116767883,0.24520649015903473,0.25120675563812256
139,154,61,-0.11805419623851776,-0.11803047358989716,-0.11690189689397812,-0.11747701466083527,-0.0005751177668571472,0.0005534589290618896,-0.0005988404154777527,0.2230188399553299,0.2353551685810089,0.23132990300655365
140,154,36,-0.10548606514930725,-0.10554055124521255,-0.10696278512477875,-0.10765017569065094,-0.0006873905658721924,-0.002109624445438385,-0.0006329044699668884,0.211862713098526,0.22021085023880005,0.216820627450943
141,146,43,-0.10999917984008789,-0.10998465120792389,-0.11032576858997345,-0.1125221848487854,-0.0021964162588119507,-0.0025375336408615112,-0.002210944890975952,0.20235265791416168,0.2106899917125702,0.20969951152801514
142,146,42,-0.14245526492595673,-0.14236707985401154,-0.13921846449375153,-0.14300064742565155,-0.0037821829319000244,-0.0006335675716400146,-0.003870368003845215,0.2340214103460312,0.24087375402450562,0.24453741312026978
143,148,43,-0.13891971111297607,-0.13889889419078827,-0.13843031227588654,-0.14139127731323242,-0.0029609650373458862,-0.002492383122444153,-0.0029817819595336914,0.1901157647371292,0.19810491800308228,0.19638675451278687
144,148,44,-0.1606353521347046,-0.1606108546257019,-0.16150307655334473,-0.16426001489162445,-0.002756938338279724,-0.0036491602659225464,-0.0027814358472824097,0.192143052816391,0.1997169554233551,0.1993882954120636
145,154,60,-0.1496679037809372,-0.14974504709243774,-0.15164315700531006,-0.15147078037261963,0.0001723766326904297,-0.0017257332801818848,0.000249519944190979,0.24045966565608978,0.2440519779920578,0.2510138154029846
146,154,60,-0.2060239017009735,-0.20609018206596375,-0.20806828141212463,-0.20827142894268036,-0.0002031475305557251,-0.0021812468767166138,-0.00013686716556549072,0.20618613064289093,0.2133239209651947,0.21199461817741394
147,154,60,-0.16786298155784607,-0.1679794192314148,-0.17008477449417114,-0.1697496473789215,0.0003351271152496338,-0.0017702281475067139,0.0004515647888183594,0.2426667958498001,0.25065040588378906,0.25540897250175476
148,154,59,-0.214048832654953,-0.2142198234796524,-0.21776525676250458,-0.21827800571918488,-0.0005127489566802979,-0.004058182239532471,-0.000341758131980896,0.22958429157733917,0.23138149082660675,0.2375735640525818
149,154,58,-0.17147696018218994,-0.17164766788482666,-0.1738094538450241,-0.17377784848213196,3.160536289215088e-05,-0.002130180597305298,0.00020231306552886963,0.254120409488678,0.2545410990715027,0.26761573553085327
150,154,57,-0.15764768421649933,-0.15778113901615143,-0.16006383299827576,-0.16030792891979218,-0.00024409592151641846,-0.002526789903640747,-0.00011064112186431885,0.2375784069299698,0.24569299817085266,0.24874567985534668
151,157,40,-0.10609358549118042,-0.10606952011585236,-0.10515563935041428,-0.10780312120914459,-0.002647481858730316,-0.0017336010932922363,-0.00267154723405838,0.22816887497901917,0.2396813929080963,0.2365683913230896
152,155,61,-0.07918103039264679,-0.0790860652923584,-0.07429533451795578,-0.07927484065294266,-0.0049795061349868774,-0.00018877536058425903,-0.0050744712352752686,0.21491368114948273,0.22524192929267883,0.21971246600151062
153,155,42,-0.16435982286930084,-0.16433238983154297,-0.16282084584236145,-0.16749271750450134,-0.004671871662139893,-0.003160327672958374,-0.004699304699897766,0.24126426875591278,0.24843361973762512,0.2519339621067047
154,148,42,-0.18725243210792542,-0.18712572753429413,-0.18486380577087402,-0.18844261765480042,-0.0035788118839263916,-0.0013168901205062866,-0.0037055164575576782,0.19162452220916748,0.19826562702655792,0.20042696595191956
155,154,59,-0.1114153116941452,-0.1114993467926979,-0.1133434996008873,-0.1124962791800499,0.0008472204208374023,-0.0009969323873519897,0.0009312555193901062,0.2081991732120514,0.21175260841846466,0.2155122458934784
156,137,61,-0.11878259479999542,-0.11869487911462784,-0.11732187122106552,-0.11908432096242905,-0.0017624497413635254,-0.0003894418478012085,-0.0018501654267311096,0.1699179857969284,0.18136192858219147,0.17321425676345825
157,154,59,-0.20886047184467316,-0.20897480845451355,-0.2121300995349884,-0.21203668415546417,9.341537952423096e-05,-0.0030618757009506226,0.00020775198936462402,0.24216066300868988,0.24551399052143097,0.25249579548835754
158,154,58,-0.1268482357263565,-0.1269625723361969,-0.12782104313373566,-0.12831896543502808,-0.0004979223012924194,-0.0013563930988311768,-0.00038358569145202637,0.21667781472206116,0.2213694155216217,0.225578173995018
159,154,57,-0.10018745809793472,-0.1002446711063385,-0.10014405101537704,-0.10108620673418045,-0.0009421557188034058,-0.0008415356278419495,-0.0008849427103996277,0.22890017926692963,0.2345636785030365,0.23821699619293213
160,154,58,-0.09039164334535599,-0.09045968949794769,-0.09078563749790192,-0.09154123067855835,-0.0007555931806564331,-0.0010815411806106567,-0.0006875470280647278,0.22160252928733826,0.2324446439743042,0.23040327429771423
164,166,8,-0.037812985479831696,-0.03786453977227211,-0.042044565081596375,-0.0417046956717968,0.0003398694097995758,-0.0038401558995246887,0.00039142370223999023,0.11159110069274902,0.12819558382034302,0.12040199339389801
165,166,161,-0.05609963834285736,-0.05611712485551834,-0.06008394807577133,-0.059327322989702225,0.0007566250860691071,-0.0032101981341838837,0.0007741115987300873,0.13479648530483246,0.15207539498806,0.1443696767091751
166,165,210,-0.03642679378390312,-0.03629438206553459,-0.02864987589418888,-0.029865840449929237,-0.0012159645557403564,0.006428541615605354,-0.0013483762741088867,0.12770883738994598,0.1463916003704071,0.1376662701368332
170,174,18,-0.20124709606170654,-0.20123852789402008,-0.200969398021698,-0.20214949548244476,-0.0011800974607467651,-0.0009109675884246826,-0.0011886656284332275,0.20044760406017303,0.21048462390899658,0.21300610899925232
171,174,18,-0.21577437222003937,-0.21577584743499756,-0.21352432668209076,-0.21893098950386047,-0.005406662821769714,-0.003155142068862915,-0.0054051876068115234,0.1301487237215042,0.14790427684783936,0.13651230931282043
172,177,161,-0.12893442809581757,-0.12897685170173645,-0.13619878888130188,-0.13735933601856232,-0.001160547137260437,-0.008382484316825867,-0.0011181235313415527,0.22805894911289215,0.2390078753232956,0.24286770820617676
173,170,161,-0.11189936846494675,-0.11195160448551178,-0.1172851026058197,-0.11885493993759155,-0.0015698373317718506,-0.006903335452079773,-0.0015176013112068176,0.1983024626970291,0.20875388383865356,0.20813103020191193
174,171,229,-0.12846921384334564,-0.12855364382266998,-0.13384056091308594,-0.13442158699035645,-0.0005810260772705078,-0.005867943167686462,-0.000496596097946167,0.2376863807439804,0.24422454833984375,0.2509622573852539
175,170,185,-0.11617647111415863,-0.11634406447410583,-0.12013328820466995,-0.12222369015216827,-0.0020904019474983215,-0.005879625678062439,-0.001922808587551117,0.2583693563938141,0.2640167772769928,0.2740272581577301
176,173,216,-0.11717589199542999,-0.11736974120140076,-0.12159241735935211,-0.12514452636241913,-0.0035521090030670166,-0.007774785161018372,-0.0033582597970962524,0.19062849879264832,0.19820451736450195,0.20357629656791687
177,172,231,-0.153976172208786,-0.1540888398885727,-0.15099968016147614,-0.15931086242198944,-0.008311182260513306,-0.005222022533416748,-0.008198514580726624,0.1876751184463501,0.20077186822891235,0.20175988972187042
178,174,245,-0.1609475463628769,-0.16093659400939941,-0.1547633707523346,-0.15978220105171204,-0.005018830299377441,0.001154392957687378,-0.005029782652854919,0.16824433207511902,0.17686688899993896,0.17924802005290985
185,188,221,-0.19649039208889008,-0.19657664000988007,-0.19974035024642944,-0.20115329325199127,-0.0014129430055618286,-0.004576653242111206,-0.0013266950845718384,0.20539677143096924,0.21391144394874573,0.21959389746189117
186,188,331,-0.11891696602106094,-0.1191440150141716,-0.1269408017396927,-0.12555263936519623,0.00138816237449646,-0.006408624351024628,0.0016152113676071167,0.21231280267238617,0.2101922482252121,0.22672325372695923
187,189,173,-0.05490122735500336,-0.05494692549109459,-0.057148516178131104,-0.06029076874256134,-0.003142252564430237,-0.005343843251466751,-0.0030965544283390045,0.22746486961841583,0.22566929459571838,0.23840153217315674
188,189,295,-0.29374778270721436,-0.29355698823928833,-0.29616665840148926,-0.30076754093170166,-0.004600882530212402,-0.00721055269241333,-0.004791676998138428,0.12314218282699585,0.12906749546527863,0.12973859906196594
189,188,333,-0.26094505190849304,-0.2610075771808624,-0.26737165451049805,-0.268594354391098,-0.0012226998805999756,-0.007586777210235596,-0.0011601746082305908,0.24780739843845367,0.24188867211341858,0.2624949812889099
190,188,128,-0.10516224801540375,-0.10516127943992615,-0.10929994285106659,-0.10539469122886658,0.003905251622200012,-0.0002334117889404297,0.003904283046722412,0.21578232944011688,0.2112332433462143,0.2225540578365326
193,197,245,-0.0453951396048069,-0.045503001660108566,-0.04593384265899658,-0.04708299785852432,-0.0011491551995277405,-0.0015799961984157562,-0.0010412931442260742,0.24025262892246246,0.2495240867137909,0.2562577426433563
194,197,245,-0.04265899211168289,-0.04272852838039398,-0.04228109121322632,-0.04334563389420509,-0.001064542680978775,-0.0006171055138111115,-0.000995006412267685,0.25753775238990784,0.2694855034351349,0.2751011848449707
195,194,245,-0.009894379414618015,-0.009967363439500332,-0.008710872381925583,-0.00875432975590229,-4.345737397670746e-05,0.0012130336835980415,2.952665090560913e-05,0.2231912761926651,0.23388737440109253,0.23712997138500214
196,193,245,-0.02968647889792919,-0.029706904664635658,-0.027307957410812378,-0.028231181204319,-0.0009232237935066223,0.001475723460316658,-0.0009027980268001556,0.21258334815502167,0.22008325159549713,0.22506017982959747
197,193,246,-0.04579450935125351,-0.0458516962826252,-0.04501902312040329,-0.04910200834274292,-0.00408298522233963,-0.0032503120601177216,-0.004025798290967941,0.15481047332286835,0.17605221271514893,0.16410918533802032
201,206,225,-0.16403019428253174,-0.16403532028198242,-0.1739814281463623,-0.1679617315530777,0.006019696593284607,-0.003926411271095276,0.0060248225927352905,0.20080137252807617,0.2164444774389267,0.20999297499656677
202,206,225,-0.11251144111156464,-0.11250370740890503,-0.11855252087116241,-0.11568441987037659,0.0028681010007858276,-0.0031807124614715576,0.0028603672981262207,0.16579832136631012,0.18852870166301727,0.1773861050605774
203,206,341,-0.12044985592365265,-0.12052179127931595,-0.1260494440793991,-0.12444093823432922,0.0016085058450698853,-0.003919146955013275,0.0016804412007331848,0.20432502031326294,0.21861054003238678,0.21299320459365845
204,206,341,-0.09559935331344604,-0.09563085436820984,-0.10065900534391403,-0.09689054638147354,0.0037684589624404907,-0.0012596920132637024,0.0037999600172042847,0.17939944565296173,0.19835789501667023,0.18708157539367676
205,201,313,-0.11983662098646164,-0.11983954906463623,-0.11936922371387482,-0.12280058860778809,-0.003431364893913269,-0.0029610395431518555,-0.003428436815738678,0.09432719647884369,0.11984032392501831,0.10350731015205383
206,201,115,-0.1512773036956787,-0.15126559138298035,-0.15198072791099548,-0.15736065804958344,-0.005379930138587952,-0.006095066666603088,-0.005391642451286316,0.10317640751600266,0.12550677359104156,0.11214977502822876
207,201,263,-0.21521593630313873,-0.21520233154296875,-0.22169888019561768,-0.22045737504959106,0.0012415051460266113,-0.0052550435066223145,0.0012279003858566284,0.13447703421115875,0.160700723528862,0.14776036143302917
208,203,313,-0.13717883825302124,-0.13717009127140045,-0.13526135683059692,-0.13977676630020142,-0.004515409469604492,-0.0026066750288009644,-0.004524156451225281,0.09703949838876724,0.12017814069986343,0.10735776275396347
209,211,220,0.005071728490293026,0.005149621516466141,0.004751026630401611,0.007189909461885691,0.0024388828314840794,0.00204028794541955,0.0023609898053109646,0.14000831544399261,0.15830792486667633,0.14561457931995392
210,211,18,0.01995944231748581,0.01998853124678135,0.02274297922849655,0.021083049476146698,-0.0016599297523498535,0.0010945182293653488,-0.0016890186816453934,0.11349527537822723,0.1380598247051239,0.11929181218147278
211,209,263,0.047729454934597015,0.047708094120025635,0.05154141038656235,0.04997784644365311,-0.0015635639429092407,0.002269752323627472,-0.00154220312833786,0.12668922543525696,0.15053556859493256,0.13574232161045074
212,210,166,0.049365464597940445,0.049268729984760284,0.04795065522193909,0.04811939224600792,0.0001687370240688324,-0.0011493377387523651,0.0002654716372489929,0.14821697771549225,0.1652369648218155,0.15314674377441406
213,209,265,0.05536207556724548,0.0553092285990715,0.05739174038171768,0.05540471524000168,-0.0019870251417160034,9.548664093017578e-05,-0.0019341781735420227,0.17133140563964844,0.186458557844162,0.1782771348953247
214,209,265,0.013114817440509796,0.013058805838227272,0.01757657714188099,0.015032795257866383,-0.0025437818840146065,0.0019739894196391106,-0.0024877702817320824,0.15319538116455078,0.17675194144248962,0.16132159531116486
224,231,202,-0.09118634462356567,-0.09127509593963623,-0.09479647874832153,-0.09309335798025131,0.001703120768070221,-0.0018182620406150818,0.0017918720841407776,0.15117381513118744,0.16717305779457092,0.15816062688827515
225,231,202,-0.1237291693687439,-0.12381987273693085,-0.12759816646575928,-0.12565553188323975,0.0019426345825195312,-0.001835659146308899,0.002033337950706482,0.18199658393859863,0.19693586230278015,0.18940679728984833
226,231,341,-0.17511267960071564,-0.17528066039085388,-0.18219037353992462,-0.18265816569328308,-0.00046779215335845947,-0.007377505302429199,-0.00029981136322021484,0.15998689830303192,0.16927990317344666,0.16395047307014465
227,231,277,-0.27154678106307983,-0.2716687321662903,-0.2756950259208679,-0.2778737246990204,-0.002178698778152466,-0.0062049925327301025,-0.0020567476749420166,0.18876530230045319,0.19952437281608582,0.1923227310180664
228,232,161,-0.127329021692276,-0.12743844091892242,-0.13384981453418732,-0.1337021291255951,0.00014768540859222412,-0.0062636882066726685,0.00025710463523864746,0.13407044112682343,0.14804796874523163,0.13821840286254883
229,231,201,-0.12268069386482239,-0.12280941009521484,-0.1271691918373108,-0.1268528550863266,0.0003163367509841919,-0.004043444991111755,0.00044505298137664795,0.21703162789344788,0.21999095380306244,0.2217683643102646
230,232,202,-0.12405211478471756,-0.12415243685245514,-0.12778505682945251,-0.12694497406482697,0.0008400827646255493,-0.002792537212371826,0.0009404048323631287,0.17581188678741455,0.18973898887634277,0.18416962027549744
231,227,245,-0.2902860939502716,-0.29041150212287903,-0.288749098777771,-0.2959055006504059,-0.007156401872634888,-0.0054939985275268555,-0.007030993700027466,0.13934534788131714,0.15617617964744568,0.1477368175983429
232,227,61,-0.27913525700569153,-0.27922168374061584,-0.28457021713256836,-0.2860121726989746,-0.00144195556640625,-0.006790488958358765,-0.0013555288314819336,0.13221615552902222,0.1479119062423706,0.1369023621082306
247,256,287,-0.30978983640670776,-0.31006956100463867,-0.31744837760925293,-0.3194563388824463,-0.0020079612731933594,-0.009386777877807617,-0.0017282366752624512,0.23210865259170532,0.22692358493804932,0.24253901839256287
248,256,64,-0.52142333984375,-0.5209609270095825,-0.5300636887550354,-0.5272781252861023,0.0027855634689331055,-0.006317198276519775,0.002323150634765625,0.07736499607563019,0.08795575052499771,0.08777273446321487
249,256,64,-0.509925365447998,-0.5094388127326965,-0.5189425349235535,-0.5164291262626648,0.002513408660888672,-0.006990313529968262,0.002026855945587158,0.08459150791168213,0.09319984167814255,0.09530803561210632
250,256,64,-0.4870789349079132,-0.4866597056388855,-0.4960812032222748,-0.4931751489639282,0.0029060542583465576,-0.006515443325042725,0.0024868249893188477,0.06316469609737396,0.07394850254058838,0.07621084153652191
251,256,91,-0.4920307695865631,-0.4916626811027527,-0.5019088983535767,-0.5009728670120239,0.0009360313415527344,-0.00931018590927124,0.0005679428577423096,0.1233203336596489,0.13146816194057465,0.13523414731025696
252,256,241,-0.3458038568496704,-0.3454819321632385,-0.3551676273345947,-0.35267874598503113,0.0024888813495635986,-0.0071968138217926025,0.002166956663131714,0.10888217389583588,0.11624857038259506,0.11670365929603577
253,256,70,-0.4114611744880676,-0.411197692155838,-0.4201131761074066,-0.4203212559223175,-0.00020807981491088867,-0.009123563766479492,-0.00047156214714050293,0.14714810252189636,0.15100747346878052,0.15497015416622162
254,256,91,-0.3861403167247772,-0.3859363794326782,-0.39269304275512695,-0.3938729763031006,-0.0011799335479736328,-0.007936596870422363,-0.0013838708400726318,0.13092701137065887,0.13501973450183868,0.1383064091205597
255,248,61,-0.35087746381759644,-0.3510391116142273,-0.35592371225357056,-0.36053577065467834,-0.004612058401107788,-0.00949665904045105,-0.004450410604476929,0.201545849442482,0.21185347437858582,0.21140649914741516
256,248,61,-0.40435993671417236,-0.4045533835887909,-0.40635865926742554,-0.41168874502182007,-0.005330085754394531,-0.007135361433029175,-0.005136638879776001,0.17906899750232697,0.18772855401039124,0.18760941922664642
257,247,156,-0.27084141969680786,-0.27086547017097473,-0.2736603319644928,-0.2820214033126831,-0.008361071348190308,-0.011155933141708374,-0.008337020874023438,0.14843051135540009,0.16037322580814362,0.15027490258216858
