epoch,steps,optimizer_steps,amp_skipped_steps,amp_scale,loss,mAP,Rank-1,Rank-5,Rank-10,seconds
1,81,81,0,512.0,10.099404888388552,83.03224906821985,91.648,93.472,94.49600000000001,69.15864181518555
2,162,162,0,512.0,6.29756169554628,83.6158031430755,94.24,96.224,97.6,67.60817241668701
3,243,243,0,512.0,3.6579456329345703,82.6958453738614,93.76,95.104,95.392,68.04000687599182
4,324,324,0,512.0,2.3063291635042353,85.35465412994992,94.176,94.432,95.328,68.89773106575012
5,405,405,0,512.0,1.7595216506793174,84.55897011190984,96.192,97.056,97.44,67.73456573486328
6,486,486,0,512.0,1.4433125713725148,87.79983135927662,94.592,95.16799999999999,95.93599999999999,67.70251417160034
7,567,567,0,512.0,1.3084408574634128,87.0347913048053,96.192,96.416,96.608,67.61813068389893
8,647,647,0,512.0,1.1903137758374214,86.9712560993358,96.288,96.736,97.21600000000001,68.1676287651062
9,727,727,0,512.0,1.148926930129528,86.56717111660929,95.744,96.288,96.608,67.06822061538696
10,808,808,0,512.0,1.1114316177956851,86.59110090310689,95.872,96.736,97.248,67.30567789077759
11,889,889,0,512.0,1.0927629235350056,86.90575154660127,95.296,95.84,96.384,67.0926125049591
12,970,970,0,512.0,1.08662842232504,87.16422514068279,95.808,96.48,96.96000000000001,67.49748134613037
13,1050,1050,0,512.0,1.0843343630433082,87.31815217645692,95.872,96.32,96.512,66.77847409248352
14,1131,1131,0,512.0,1.0781130731841664,86.52361001047313,95.232,96.06400000000001,96.32,67.42377305030823
15,1212,1212,0,512.0,1.0675084237699155,86.93363496511142,95.456,95.744,96.128,67.4524838924408
16,1293,1293,0,512.0,1.0565716602184154,86.93131623541727,95.296,95.968,96.384,67.81912350654602
17,1373,1373,0,512.0,1.0561890587210656,86.17822517051633,95.36,96.0,96.512,67.14634609222412
18,1453,1453,0,512.0,1.0485604792833327,86.55639377768453,95.232,96.096,96.64,67.14408564567566
19,1534,1534,0,512.0,1.038872970475091,86.54377841525356,95.00800000000001,95.84,96.672,67.55841612815857
20,1614,1614,0,512.0,1.0379490286111832,87.00389152111708,95.16799999999999,96.288,96.8,67.16037511825562
21,1694,1694,0,512.0,1.0371930226683617,86.66474491551413,95.456,96.352,97.088,67.33867192268372
22,1774,1774,0,512.0,1.0347785472869873,87.02439474417089,96.0,97.024,97.37599999999999,67.10300302505493
23,1854,1854,0,512.0,1.030558593571186,86.82655297259936,95.648,96.576,97.152,67.26884508132935
24,1934,1934,0,512.0,1.0248696506023407,86.84093676507575,95.67999999999999,96.70400000000001,97.11999999999999,66.94326519966125
25,2015,2015,0,1024.0,1.0231996406743555,86.94101899354294,95.456,96.544,96.992,67.87717700004578
26,2096,2096,0,1024.0,1.0229398600849104,87.60179917193322,95.488,96.576,97.088,67.47673392295837
27,2177,2177,0,1024.0,1.0206665345180181,87.4553304605732,95.42399999999999,96.64,97.056,67.73166632652283
28,2258,2258,0,1024.0,1.0197345783681044,87.22669012964596,95.52000000000001,96.512,96.992,68.22309303283691
29,2339,2339,0,1024.0,1.0197063861069855,86.94685236548906,95.392,96.416,97.184,67.681569814682
30,2419,2419,0,1024.0,1.017430879175663,87.00800949941258,95.072,96.224,96.928,66.73221898078918
31,2500,2500,0,1024.0,1.0156571202807956,87.0225824534321,95.296,96.544,97.088,67.44890642166138
32,2581,2581,0,1024.0,1.0178963358019606,86.77939053266955,94.976,96.06400000000001,96.832,67.47367334365845
33,2662,2662,0,1024.0,1.0151695351541778,86.82164454107918,95.072,96.224,96.832,67.77242422103882
34,2743,2743,0,1024.0,1.0147530267268052,86.92759102493551,95.16799999999999,96.256,96.928,67.68511867523193
35,2824,2824,0,1024.0,1.0134421116040078,86.96833052575798,95.296,96.288,97.088,67.53623843193054
36,2905,2905,0,1024.0,1.0128711638627228,86.84759950835044,94.94399999999999,96.256,96.992,68.02951979637146
37,2986,2986,0,1024.0,1.0135138093689342,86.79666045372933,94.65599999999999,95.84,96.576,67.59068512916565
38,3067,3067,0,1024.0,1.0128631783120425,86.75867831640984,94.65599999999999,95.67999999999999,96.64,67.61393427848816
39,3148,3148,0,1024.0,1.0123838524759552,86.69956817010208,94.592,95.93599999999999,96.576,67.97547149658203
40,3229,3229,0,1024.0,1.0115269113470007,86.75307780821565,94.816,95.93599999999999,96.70400000000001,67.81442499160767
41,3309,3309,0,1024.0,1.012039914727211,86.80991477275474,94.528,95.93599999999999,96.70400000000001,66.93124341964722
42,3389,3389,0,1024.0,1.0122812956571579,86.90821000411886,94.75200000000001,96.128,96.896,66.72125673294067
43,3469,3469,0,1024.0,1.0119281262159348,86.86148549539575,94.592,96.06400000000001,96.992,67.38261437416077
44,3549,3549,0,1024.0,1.011021964251995,86.91977304550598,94.848,96.128,97.088,68.05954098701477
45,3630,3630,0,1024.0,1.0118378091741491,86.85369475370362,94.94399999999999,96.06400000000001,96.896,68.10553908348083
46,3711,3711,0,1024.0,1.0113610058654974,86.70435281935272,94.49600000000001,95.808,96.86399999999999,67.75748753547668
47,3792,3792,0,1024.0,1.010857492317388,86.79917829581777,94.976,96.032,96.928,67.75300121307373
48,3873,3873,0,1024.0,1.011872446095502,86.78909849112995,94.976,96.32,97.21600000000001,67.72668862342834
49,3954,3954,0,1024.0,1.0109690574952115,86.79902208926697,94.91199999999999,96.192,96.96000000000001,68.02150702476501
50,4034,4034,0,2048.0,1.0104962930083274,86.81248043807454,94.65599999999999,95.93599999999999,96.8,67.29917049407959
